a,b,c
32,69,55
15,95,81
42,75,7
8,24,93
12,18,23
52,4,29
62,2,41
39,14,22
34,34,76
49,85,59
25,98,85
64,19,73
68,81,91
47,22,59
6,84,46
75,9,8
44,97,77
17,36,69
16,64,45
52,59,63
87,33,87
90,64,89
0,12,90
60,87,83
50,10,56
60,69,12
85,60,45
78,82,82
91,33,17
70,67,15
35,47,65
32,55,93
66,66,2
87,26,46
13,64,70
98,56,59
27,91,59
93,42,67
80,72,31
87,20,73
55,97,75
92,46,73
37,60,50
15,44,86
42,52,87
21,42,76
64,31,18
16,10,48
39,5,61
98,6,63
27,26,86
91,93,49
60,94,15
60,53,7
9,97,17
43,74,3
90,13,24
46,34,35
66,38,10
13,10,95
3,84,82
37,4,65
61,56,30
0,80,21
25,21,7
80,60,59
60,56,72
54,40,48
2,57,39
21,25,50
0,80,55
33,20,62
47,30,6
71,59,83
44,65,47
77,60,52
86,54,19
54,51,75
13,6,7
27,45,72
99,28,88
95,49,21
57,61,24
65,60,5
23,39,91
59,57,91
53,31,29
3,6,94
39,1,13
16,59,71
6,4,98
10,24,87
91,55,22
68,18,28
27,30,0
95,28,2
48,78,28
73,77,83
47,46,78
14,24,20
12,30,94
7,32,51
41,73,99
91,47,28
48,2,63
40,70,19
57,90,88
48,0,81
89,33,56
48,43,35
73,14,86
10,31,67
21,19,13
37,65,95
87,16,63
13,99,51
92,47,27
79,64,1
30,44,82
70,91,55
46,17,21
97,9,12
71,67,7
8,17,21
6,99,93
76,46,59
50,83,62
7,92,0
62,65,32
45,30,79
63,9,65
14,0,31
20,2,44
90,68,48
79,1,79
25,18,36
15,95,62
43,7,31
96,76,68
92,50,94
67,62,12
42,29,27
8,23,1
61,91,58
60,48,53
69,64,72
61,18,10
49,21,72
94,41,3
10,70,88
20,1,75
44,90,20
73,32,95
62,62,54
92,48,96
97,33,21
86,22,44
30,99,28
14,70,50
89,59,5
44,97,20
89,51,8
26,53,99
98,8,54
58,25,11
55,23,89
94,39,25
39,73,88
95,94,62
58,84,5
71,35,13
58,51,7
17,64,61
69,39,74
81,60,77
20,96,59
78,70,56
7,46,11
44,32,10
13,35,94
22,25,1
86,38,72
43,73,74
80,58,9
57,25,10
18,70,54
64,36,57
60,40,39
96,30,25
44,11,11
39,60,59
13,2,25
7,88,41
87,73,59
43,47,83
83,49,46
66,82,58
74,14,22
17,31,98
18,35,8
9,16,12
5,43,72
0,19,74
21,74,37
26,45,40
31,89,24
11,59,75
76,30,0
81,59,28
79,59,66
84,70,73
88,3,97
64,97,51
82,82,96
96,85,82
50,10,77
26,22,35
18,44,6
94,36,38
64,96,56
71,8,99
29,91,90
67,53,52
56,25,12
38,77,73
83,75,11
90,88,6
63,33,18
10,12,87
21,88,51
31,44,37
83,47,70
15,54,27
69,46,86
5,7,3
31,84,27
56,50,88
63,15,84
30,29,65
0,46,59
25,8,90
59,80,8
36,29,25
54,22,39
96,72,27
73,24,71
61,65,48
38,17,29
73,20,70
61,47,88
6,79,2
98,6,77
0,2,49
73,35,62
53,70,74
16,62,58
30,39,87
49,45,50
46,14,92
60,46,88
81,85,46
31,15,90
53,43,67
88,96,4
95,61,34
46,92,3
4,44,73
7,96,86
22,93,21
24,97,19
59,61,76
32,79,81
91,97,3
32,68,40
93,77,57
63,65,93
42,59,79
1,55,36
13,10,80
67,27,63
65,67,62
11,11,71
93,19,75
10,88,86
37,72,3
7,4,45
66,99,69
98,60,26
40,58,65
39,36,48
96,55,41
86,27,93
50,89,96
74,85,93
58,21,28
71,85,36
45,21,71
18,30,99
39,51,75
94,60,3
88,89,15
34,69,98
75,94,79
8,21,39
72,37,5
24,37,12
30,34,80
10,32,16
92,72,9
92,40,15
98,2,13
42,63,77
41,59,27
82,0,95
15,81,17
24,34,51
41,40,55
34,50,26
40,98,7
96,90,21
99,27,46
97,70,37
13,69,93
34,80,86
13,8,39
3,48,96
73,68,93
67,26,63
36,35,3
96,51,74
76,30,50
28,72,8
42,36,39
66,96,95
97,99,92
15,41,64
29,35,20
88,75,3
47,42,48
77,89,39
5,90,97
73,55,38
19,56,27
10,52,51
56,27,52
94,38,93
55,25,13
15,31,5
50,72,50
59,24,0
11,79,82
87,24,39
53,74,43
55,7,10
4,67,99
61,86,47
89,20,13
60,3,57
99,60,38
60,77,65
14,56,21
1,41,76
13,86,79
13,76,36
26,36,47
95,55,22
45,62,93
75,22,4
18,42,92
9,47,89
68,26,89
54,18,6
81,64,24
52,2,35
26,96,29
13,32,15
12,52,22
83,47,27
73,62,39
16,63,69
5,18,59
85,35,72
20,2,99
1,80,36
63,82,88
8,6,86
4,34,63
51,82,65
18,73,11
65,31,3
47,62,23
6,0,73
75,93,20
22,66,90
45,7,87
22,85,81
71,53,96
87,48,33
51,25,70
39,90,69
42,54,29
27,34,87
6,85,34
26,16,74
1,43,90
24,92,79
32,39,48
60,53,24
38,6,50
55,94,35
91,65,80
1,84,49
50,90,53
71,19,12
57,43,31
84,75,68
17,62,38
11,27,79
43,23,53
40,92,45
31,57,28
5,99,82
91,41,99
42,86,77
73,31,6
69,14,60
62,6,27
96,74,10
81,96,75
63,99,19
70,12,22
75,81,78
41,71,7
92,55,22
69,25,54
52,84,76
33,78,97
84,18,11
43,87,45
81,72,41
47,88,15
41,22,64
24,80,56
26,11,4
52,55,50
49,80,14
16,21,53
15,41,45
64,40,71
89,8,95
36,48,49
92,72,69
79,64,32
1,5,41
31,85,14
90,99,26
87,82,79
79,49,93
57,82,51
48,12,92
17,57,11
61,81,30
49,28,72
29,47,96
52,83,47
66,19,12
29,43,56
85,55,44
28,59,93
41,45,68
63,0,18
8,26,79
99,44,38
82,72,11
65,6,42
2,67,64
1,74,41
44,28,59
82,65,11
58,49,92
75,72,50
12,65,30
21,99,30
30,61,72
37,60,46
16,75,48
2,49,27
17,27,21
19,78,40
32,12,11
22,31,44
58,8,71
50,64,36
30,84,75
52,46,90
30,93,84
31,4,84
93,23,72
13,13,71
24,35,59
14,19,78
24,77,3
75,21,58
67,84,3
24,4,15
85,8,20
13,3,60
13,90,77
69,27,80
25,58,48
9,86,12
37,88,9
84,22,42
69,26,97
55,25,29
76,94,27
51,47,36
23,88,37
3,50,58
0,8,85
0,10,72
25,79,10
68,38,54
10,68,94
41,46,73
24,28,3
23,22,51
90,40,0
94,29,7
48,46,72
75,78,69
83,72,14
89,15,86
32,98,64
10,18,65
77,99,22
86,41,55
99,66,55
63,47,17
72,36,84
43,8,45
61,53,62
78,74,92
38,14,0
91,41,83
60,0,87
79,54,16
66,9,65
74,5,64
0,30,80
55,80,23
16,69,50
75,41,29
73,27,84
15,17,13
80,29,34
9,55,1
61,14,85
29,54,73
32,35,96
16,43,76
66,59,3
68,30,55
62,75,90
48,6,8
39,68,57
37,36,92
50,53,60
22,37,19
26,55,83
93,58,90
9,45,21
28,47,91
81,34,30
44,72,99
87,14,84
41,41,37
48,19,82
0,0,21
68,10,31
11,36,29
33,59,98
29,93,9
83,72,86
82,21,36
26,46,60
42,26,33
59,46,3
54,54,97
42,24,67
15,89,34
9,81,10
68,75,47
72,83,30
80,10,58
41,75,99
51,41,42
75,40,57
46,24,15
62,70,1
19,39,10
5,85,12
72,68,76
91,21,38
52,28,55
72,38,61
98,86,13
84,68,19
52,40,79
40,74,95
28,19,19
25,73,91
78,18,24
11,43,42
59,91,40
94,28,49
35,1,76
3,27,78
35,69,81
70,44,98
96,33,7
3,6,6
96,17,66
64,70,46
19,22,47
64,43,37
68,8,35
97,72,28
59,80,23
56,0,6
76,21,65
82,41,6
80,97,80
21,72,62
21,37,57
59,13,78
76,45,77
32,14,79
85,94,5
74,11,76
91,19,71
37,73,47
43,6,50
16,63,39
39,80,60
71,0,92
50,88,37
96,27,63
71,67,73
86,1,76
16,27,32
62,41,62
96,19,40
51,35,59
89,52,20
59,67,53
97,0,14
31,76,96
62,44,49
20,57,10
0,66,38
96,11,52
40,26,59
15,54,24
12,24,92
88,74,34
44,30,20
66,75,83
61,45,87
67,9,47
40,41,16
77,48,82
12,59,14
83,28,61
93,76,81
89,73,12
77,57,32
45,52,2
18,4,13
96,8,51
36,96,90
61,15,47
68,16,72
35,47,35
71,95,32
46,37,63
21,11,37
63,41,3
95,20,5
5,90,30
21,24,45
95,12,94
38,30,76
72,77,92
25,95,72
41,15,77
23,32,76
26,43,3
12,85,29
87,9,18
69,54,38
45,44,96
66,75,59
12,57,70
63,84,71
98,90,19
42,37,47
3,26,9
16,8,93
6,29,71
9,12,12
66,14,10
49,60,89
58,28,54
92,69,10
92,68,62
36,60,11
20,23,27
59,94,91
88,53,44
34,32,97
97,41,70
17,34,34
73,87,91
60,17,13
32,46,90
39,0,80
27,14,53
97,21,9
76,30,43
13,6,38
60,39,69
69,67,67
17,4,84
16,95,62
7,75,53
99,85,57
68,98,24
58,26,68
18,45,64
16,27,27
16,60,98
41,81,94
1,44,65
78,1,27
62,97,51
35,57,23
87,17,97
99,8,7
56,87,61
55,75,4
70,42,52
95,34,60
82,32,16
93,19,24
30,22,50
89,36,92
77,97,11
48,78,3
68,45,5
12,54,62
63,19,15
53,76,59
27,37,95
23,35,9
86,62,38
22,67,91
99,66,33
70,84,9
13,11,32
59,33,90
40,77,41
19,7,17
42,21,20
20,80,12
55,49,19
34,39,26
23,69,96
5,27,37
88,66,22
83,25,7
78,49,94
58,82,46
27,26,77
25,55,86
62,45,80
78,64,99
10,80,43
38,64,39
51,64,69
9,18,40
17,19,78
70,69,87
94,87,29
20,52,40
73,37,75
22,31,35
53,46,14
15,64,51
86,36,75
86,50,71
4,60,7
77,48,42
89,53,79
97,9,99
87,55,20
85,89,51
81,25,93
14,41,57
66,3,50
14,43,82
67,98,73
88,30,54
92,13,72
90,2,72
88,94,94
99,60,52
12,1,80
52,42,10
25,25,33
77,69,24
55,11,79
78,97,50
92,44,39
95,82,46
84,78,0
75,31,46
72,11,27
5,58,73
48,45,57
63,82,62
88,87,81
51,71,16
23,98,91
82,59,1
60,97,64
63,30,59
26,93,49
45,49,60
72,86,95
49,50,89
7,97,25
5,97,92
33,20,91
28,55,4
57,51,86
85,2,31
83,76,39
13,96,57
28,87,49
50,35,3
10,66,24
88,82,76
25,4,87
60,93,35
61,57,89
52,32,88
39,85,85
83,66,47
72,24,27
83,3,11
65,55,54
66,1,12
84,26,99
34,55,26
22,34,99
69,1,44
50,37,58
20,70,91
13,15,64
90,86,46
10,66,64
23,99,87
72,49,76
70,68,60
49,26,46
2,22,86
23,69,49
77,3,28
7,10,15
19,33,73
49,12,9
16,77,84
43,53,35
8,54,52
22,12,44
79,70,22
54,62,82
9,98,93
57,47,26
77,11,31
74,45,53
73,77,78
99,83,22
42,14,71
13,27,33
30,59,81
57,40,82
19,22,13
89,58,69
75,76,10
95,47,37
3,96,8
48,84,2
32,50,99
46,94,31
78,5,9
99,70,57
76,6,49
95,79,49
79,39,9
56,65,46
55,90,77
1,88,9
18,72,94
9,45,23
2,34,20
26,57,6
54,28,8
69,55,69
58,9,42
30,46,86
8,29,63
8,10,27
95,69,86
91,64,60
21,34,62
78,14,89
28,60,46
5,32,44
44,53,93
24,49,37
70,3,91
98,90,43
62,99,96
60,46,8
50,11,86
9,14,2
11,6,89
42,51,42
1,33,59
16,64,99
26,95,34
14,44,41
76,46,83
51,10,2
43,42,58
63,5,44
92,71,10
22,83,2
49,60,25
43,48,7
17,15,94
41,24,25
96,88,60
84,79,54
30,52,74
64,61,21
41,18,11
50,32,28
80,26,49
67,18,39
29,71,36
59,91,15
11,92,5
90,57,8
80,43,39
9,40,76
15,13,77
49,27,60
91,95,97
4,4,83
82,96,49
90,28,51
57,68,30
78,25,69
19,97,30
46,87,96
74,35,98
62,39,7
16,56,71
85,86,7
45,34,4
28,42,34
65,24,69
15,73,47
54,14,70
77,17,85
9,81,32
92,43,6
72,68,23
21,55,43
7,59,72
66,88,97
44,57,98
12,78,79
87,98,53
60,69,35
38,97,64
1,23,8
78,10,43
5,41,14
93,19,18
26,59,65
69,99,18
17,92,78
99,37,77
69,53,92
27,68,40
50,53,74
24,19,71
35,89,16
14,11,38
1,23,27
75,20,81
72,39,70
94,68,1
90,18,37
8,13,36
27,72,49
33,59,50
83,33,79
72,19,18
23,37,19
32,28,25
88,52,66
68,31,9
0,6,70
14,18,25
4,26,32
32,37,48
78,81,81
76,39,91
1,31,71
28,89,61
83,98,70
19,26,68
81,89,36
70,29,84
69,37,43
69,28,83
90,89,50
95,59,8
88,37,46
33,29,27
16,20,13
15,78,11
74,27,30
41,50,5
43,28,4
49,23,36
53,8,35
56,23,19
24,51,43
17,52,59
10,11,31
59,15,21
71,37,79
45,67,8
64,3,85
62,54,64
66,18,76
35,93,85
23,41,63
42,97,88
73,20,98
75,4,51
87,37,88
15,79,3
28,88,26
55,52,79
98,25,79
34,5,87
51,25,69
75,12,8
72,86,42
37,68,54
70,12,85
60,6,47
14,65,25
67,41,14
74,5,27
38,34,13
48,51,84
40,92,16
33,29,97
40,75,54
12,4,88
78,37,6
98,43,61
16,99,97
18,21,31
90,74,47
75,52,96
38,65,59
13,63,36
54,71,58
37,8,47
93,52,64
39,3,49
12,99,60
25,21,92
62,71,17
52,9,56
0,29,98
87,33,70
28,89,49
12,94,52
13,99,62
85,28,44
53,18,71
36,27,80
5,99,40
84,38,13
24,36,98
85,64,28
10,36,73
10,63,5
15,85,60
47,45,80
74,82,37
99,59,29
43,46,79
15,17,89
43,11,38
55,34,2
54,58,22
57,63,24
59,4,13
16,73,64
77,46,30
96,94,43
17,23,28
95,49,67
96,92,33
11,28,37
42,91,65
98,79,86
2,82,94
71,14,38
16,55,85
51,46,10
14,15,82
51,85,53
52,3,60
24,2,23
15,73,90
32,82,40
1,22,70
6,38,72
30,22,34
98,85,23
39,51,86
90,40,14
70,93,34
43,89,69
14,50,21
69,2,19
28,73,25
93,19,74
6,31,20
22,82,8
40,4,34
90,38,9
35,50,79
61,5,5
23,89,99
88,16,23
84,9,44
30,5,50
97,3,23
95,54,26
2,42,37
26,92,32
40,81,94
26,29,19
27,66,49
0,69,95
74,98,62
99,57,68
96,2,60
15,67,63
94,40,95
37,61,1
63,62,63
55,27,92
89,26,66
28,84,86
30,88,21
40,61,39
44,23,38
38,25,73
20,39,39
84,69,36
61,25,58
42,70,90
63,35,91
18,66,88
75,1,11
54,85,71
87,49,28
93,42,70
5,32,52
0,20,78
64,85,56
75,30,94
1,62,22
2,62,82
61,46,52
44,1,79
51,7,5
1,0,14
51,6,74
35,5,96
2,13,12
13,24,88
85,69,56
87,52,25
75,15,61
77,8,13
15,15,34
99,17,86
98,85,99
8,4,17
33,38,79
69,13,26
73,45,18
54,56,56
71,94,95
83,93,44
68,59,54
92,66,13
64,76,64
25,93,87
57,11,15
30,57,12
92,6,44
84,91,76
2,80,61
40,66,55
93,75,34
81,84,2
51,98,30
51,2,48
48,19,0
17,14,6
12,66,34
68,55,64
21,36,42
0,53,80
46,17,84
84,98,86
34,73,30
22,72,75
86,33,96
26,55,4
12,26,9
39,44,76
74,82,88
22,89,99
94,40,76
21,44,22
70,71,63
83,50,39
17,89,69
26,99,38
37,40,74
28,68,88
16,62,57
78,69,22
32,52,28
32,35,96
23,62,1
56,3,47
73,15,2
16,37,56
45,14,36
42,65,18
70,14,31
11,89,83
44,76,24
80,35,57
89,41,47
71,38,94
96,26,4
3,74,89
89,29,62
48,81,91
33,68,56
29,69,21
44,52,40
58,15,3
94,3,71
88,72,9
93,48,36
65,71,98
60,77,39
69,43,96
17,7,5
92,5,30
63,4,31
22,58,75
60,8,23
48,93,76
3,45,1
37,49,99
7,44,47
78,83,33
64,8,43
76,29,99
26,84,34
58,5,44
24,51,24
84,27,89
80,16,9
26,67,9
21,94,45
98,61,88
60,75,83
9,59,44
35,35,60
93,84,99
84,69,75
47,36,74
62,55,84
1,33,88
45,59,26
66,87,64
27,31,78
37,1,58
62,71,49
65,91,98
31,0,52
25,51,55
32,86,7
61,57,28
13,41,29
77,96,85
11,77,23
72,73,82
90,37,5
94,58,27
51,83,78
33,66,8
13,86,92
50,44,62
51,46,22
44,69,27
49,2,88
56,61,0
15,20,8
32,65,67
1,16,57
3,47,43
19,88,14
33,48,93
23,34,64
91,66,10
63,88,69
7,11,67
40,77,79
40,72,19
89,45,81
27,70,59
91,26,11
15,53,50
0,62,75
86,18,97
21,19,56
72,6,66
22,71,54
9,8,91
53,25,26
51,28,39
39,52,16
87,64,13
61,99,65
56,27,86
36,9,41
48,28,23
57,80,41
89,23,0
92,53,60
21,64,66
70,88,70
58,38,43
91,91,90
39,15,96
2,15,47
36,45,50
38,85,15
52,96,54
48,24,84
39,65,70
68,32,62
46,17,62
87,77,39
21,64,63
68,8,64
58,97,80
5,92,98
60,6,43
67,72,94
81,83,96
42,43,25
14,77,93
26,81,71
14,63,18
86,76,32
48,84,41
58,22,51
93,58,77
91,44,12
89,57,11
90,95,74
53,79,62
30,36,66
42,57,84
56,98,48
97,53,67
71,92,28
47,76,33
14,17,98
2,33,8
74,89,61
10,98,35
44,81,39
10,82,0
62,63,34
81,33,6
12,51,29
31,48,38
62,8,93
99,47,50
87,36,54
62,64,27
18,18,98
16,98,37
81,11,72
12,83,16
20,58,6
16,18,82
22,92,70
34,36,91
43,21,43
43,96,47
31,39,20
25,63,71
59,62,27
52,63,76
69,17,83
93,63,98
25,38,26
5,59,12
19,94,56
17,64,11
84,35,72
86,9,53
2,4,85
88,28,34
90,92,13
61,4,87
54,23,98
7,24,88
90,80,5
87,92,94
16,7,88
38,90,99
23,16,94
23,3,84
70,94,67
3,9,93
57,63,12
74,47,22
29,0,97
1,64,49
82,19,70
83,68,34
67,35,73
78,89,62
62,94,23
60,1,73
95,6,14
48,85,32
79,76,79
67,3,44
0,91,61
83,79,67
43,34,10
93,99,73
20,13,85
33,14,77
7,44,38
99,1,37
20,28,85
65,6,35
24,44,21
14,89,3
72,57,85
45,59,42
23,31,17
46,72,65
91,81,25
31,97,97
29,11,44
46,53,15
37,24,91
57,11,65
94,27,35
1,32,86
0,83,64
62,9,52
73,0,85
81,12,83
32,6,46
47,27,42
30,64,16
45,40,29
1,73,73
72,23,44
82,96,65
35,0,36
15,28,55
40,74,3
57,92,62
1,57,22
22,58,27
12,0,61
50,15,86
21,97,4
73,89,90
81,56,18
43,22,34
13,85,11
53,40,72
22,70,85
35,4,69
11,98,4
52,58,15
1,10,72
78,57,93
78,74,16
14,9,5
8,35,72
26,93,86
72,29,45
21,76,60
74,28,39
55,99,49
23,88,34
21,28,61
87,6,45
16,97,53
15,68,48
18,96,13
81,22,45
81,32,78
37,39,21
14,29,27
74,61,29
71,17,15
69,44,32
5,30,57
77,85,23
32,52,68
66,46,41
27,47,1
40,90,57
40,79,91
7,35,34
80,23,72
96,68,17
6,6,77
40,82,57
0,2,61
95,74,69
97,92,44
68,53,33
45,62,24
65,25,99
61,16,77
59,24,42
27,65,25
63,9,49
83,26,85
19,54,15
88,10,80
32,22,1
79,52,39
20,16,94
25,96,90
72,67,99
63,0,25
22,94,60
84,96,24
35,38,64
69,94,18
84,7,29
57,12,20
92,68,27
26,61,35
28,37,64
46,45,82
11,13,98
39,76,21
20,84,85
86,24,28
84,13,75
34,81,51
69,88,54
10,36,85
98,57,99
90,11,1
90,3,15
8,86,10
2,17,18
26,12,7
2,32,35
97,94,51
62,4,75
76,61,21
21,79,98
21,74,82
1,3,51
79,96,23
75,11,27
74,39,26
13,30,92
54,55,83
84,32,42
67,41,39
99,93,75
75,15,73
56,17,71
83,92,89
51,99,12
72,57,95
6,65,49
30,0,56
7,23,91
70,95,90
49,43,62
19,52,17
22,86,65
4,54,71
43,32,22
65,95,50
15,56,11
65,43,90
53,52,39
15,89,34
10,95,73
99,6,81
70,9,76
95,68,98
95,24,85
23,90,57
65,13,59
51,48,52
35,28,76
46,52,45
71,41,12
14,9,20
37,45,97
66,85,31
32,40,48
43,58,99
73,4,46
92,75,27
46,51,88
20,42,69
72,77,73
27,94,21
59,68,8
4,62,80
1,40,33
42,39,44
69,72,55
5,49,78
7,37,0
12,43,95
98,22,35
88,30,72
89,18,39
72,99,75
10,43,34
72,65,41
96,16,50
86,69,18
95,71,54
17,38,68
3,77,62
4,62,47
15,70,97
92,86,96
66,13,49
17,12,74
11,53,93
69,89,80
20,38,80
97,77,26
17,19,69
56,1,91
39,54,48
28,97,2
51,44,27
59,82,50
89,65,23
78,99,97
76,41,96
26,42,21
99,21,76
82,40,6
25,44,21
80,99,44
96,90,82
97,49,91
90,30,16
53,5,31
88,31,30
18,90,6
85,18,92
83,30,19
78,24,86
62,68,26
75,95,21
82,93,62
14,65,78
83,33,17
32,88,44
21,10,45
55,91,55
52,14,6
99,31,7
64,75,43
28,87,5
50,5,88
11,1,2
68,7,60
49,86,86
81,29,64
53,99,45
23,19,95
48,12,11
85,9,44
73,11,41
63,5,16
21,58,85
55,67,6
19,40,41
81,53,99
36,56,67
75,16,9
43,14,87
46,41,13
82,81,78
77,50,81
14,22,37
29,6,67
19,59,89
10,76,52
77,83,56
35,3,34
12,25,2
69,68,97
32,16,92
58,7,43
68,64,48
55,90,50
37,21,12
29,62,37
60,20,75
91,44,74
19,35,80
32,89,1
45,74,64
48,84,7
66,30,58
10,36,15
79,54,26
65,34,70
43,50,65
98,78,41
16,99,11
76,53,28
40,78,20
15,18,65
95,44,43
92,4,90
84,69,75
7,76,25
4,7,10
61,89,92
94,32,38
55,82,76
62,63,93
21,55,59
65,44,44
49,54,99
25,23,3
85,98,99
47,82,9
95,26,36
80,29,3
41,95,94
17,18,6
62,70,77
9,84,19
32,6,60
31,2,71
20,88,18
76,55,9
55,14,79
81,92,22
48,21,91
74,70,58
76,26,67
64,47,69
2,48,23
39,87,44
2,60,59
42,77,47
17,18,62
0,99,40
54,7,67
25,27,61
66,54,27
37,36,98
74,3,95
82,66,59
89,45,4
42,92,9
53,76,42
15,59,22
50,80,1
47,90,53
38,35,93
14,30,55
80,88,30
53,81,2
42,62,52
82,53,61
97,26,40
48,3,33
18,58,5
45,10,6
80,98,75
46,26,22
7,8,6
21,99,65
43,82,35
89,21,24
2,60,64
34,47,50
83,86,38
1,76,63
62,13,64
92,49,54
11,36,73
52,76,74
97,55,58
69,28,4
7,68,62
63,48,20
94,11,30
29,94,88
3,42,26
42,84,26
7,45,15
13,80,63
1,16,45
73,87,59
82,83,62
42,46,20
69,4,10
42,17,53
18,30,8
5,71,97
73,99,40
65,59,7
2,74,64
2,90,27
46,19,93
47,4,54
73,64,18
82,14,58
98,19,49
58,45,10
71,14,79
10,48,1
70,16,37
33,90,42
33,10,18
33,41,12
37,17,40
83,45,79
40,64,92
51,27,73
10,23,61
96,54,65
57,13,93
99,30,12
71,29,15
22,32,34
81,69,10
0,39,35
97,84,44
80,88,12
24,53,23
91,49,23
13,43,53
26,3,32
29,13,89
12,65,43
39,60,46
69,46,64
3,86,5
37,43,45
64,64,57
33,77,42
78,22,84
3,9,31
59,24,40
42,64,6
93,5,57
50,26,12
31,44,42
74,77,37
16,88,43
29,83,61
40,11,16
18,19,58
82,42,38
73,98,84
26,89,36
88,87,56
20,8,51
75,32,51
16,33,29
90,11,44
20,89,50
40,89,41
88,33,21
55,74,9
83,50,42
82,17,30
92,54,97
47,13,88
68,22,76
14,88,5
37,33,64
4,66,55
90,61,88
45,55,19
44,36,78
29,63,95
30,44,11
26,9,49
15,24,4
64,92,4
55,70,25
19,31,85
90,63,18
84,51,52
56,89,17
72,40,37
74,18,65
24,31,24
79,97,49
3,75,25
3,66,22
29,56,12
82,73,16
11,31,65
3,10,48
0,60,42
70,37,38
25,60,16
56,59,25
99,92,6
46,93,4
60,8,55
94,8,24
13,73,59
35,18,32
59,14,41
65,82,0
87,20,88
93,93,35
82,24,46
19,54,17
24,26,79
24,91,39
57,29,80
5,81,7
90,34,61
41,83,54
60,97,46
12,75,91
84,26,26
16,83,92
65,4,27
77,57,14
92,57,86
55,40,37
33,50,12
23,22,94
83,78,20
62,82,25
71,39,68
73,53,87
47,68,44
72,28,89
10,5,11
64,87,94
81,48,71
40,60,67
80,96,92
83,23,51
76,8,45
5,12,8
71,81,14
58,38,11
75,80,8
80,15,61
70,4,34
27,84,92
59,76,21
22,15,81
11,19,83
24,79,68
14,85,72
34,56,28
42,69,44
59,55,46
39,84,80
48,55,49
77,95,56
46,29,18
66,0,69
51,6,83
15,47,3
5,61,26
60,46,62
53,88,8
49,72,18
39,59,27
12,58,51
32,22,12
6,52,27
34,45,32
63,40,34
90,65,4
96,26,54
46,19,82
88,46,36
20,41,25
27,86,10
27,87,22
72,71,33
21,17,20
20,30,31
16,34,97
22,9,52
93,2,14
51,51,52
60,87,0
3,83,38
9,34,59
10,8,65
3,64,80
40,29,64
27,57,42
88,61,58
41,94,54
16,79,23
78,48,43
94,74,25
69,32,78
77,12,88
60,53,71
59,37,8
75,60,62
59,86,40
39,21,42
11,75,99
32,12,40
28,81,59
38,3,90
59,96,24
96,98,88
3,1,62
49,90,57
93,81,47
62,91,42
92,75,90
35,44,51
21,65,90
21,19,25
29,96,58
43,34,99
60,21,38
1,96,6
2,3,55
68,2,11
95,48,21
7,31,19
35,83,15
19,26,94
14,50,95
34,93,10
64,28,58
91,54,66
67,43,88
12,75,40
72,41,79
11,61,76
76,53,1
72,0,22
2,0,62
36,51,19
11,1,23
81,20,94
46,6,96
4,5,75
56,16,37
90,78,44
12,33,31
60,93,9
34,21,83
64,15,0
77,41,8
2,50,23
34,96,37
36,99,40
67,44,7
78,97,67
41,42,70
58,69,3
25,95,23
54,20,97
45,76,5
37,99,72
99,96,79
55,42,66
62,74,83
54,90,5
30,73,41
82,3,49
73,31,22
71,8,43
88,69,8
94,3,36
65,76,87
81,89,74
85,11,28
54,93,82
79,56,48
90,98,98
51,59,43
26,88,45
99,6,23
59,12,94
64,48,72
70,98,84
68,53,39
63,89,92
4,17,79
32,93,0
78,64,96
38,20,85
42,46,8
95,76,38
8,39,42
51,98,10
74,10,78
79,22,44
69,91,3
37,33,48
11,92,47
15,71,99
76,47,20
68,22,71
79,2,62
51,41,3
15,89,58
24,7,6
13,98,24
26,14,79
44,63,57
87,85,61
60,77,24
57,24,27
52,86,39
16,61,64
46,68,98
65,87,0
35,39,6
32,15,68
46,80,0
48,41,54
94,48,28
98,84,72
96,72,34
81,75,17
26,78,90
8,42,31
50,37,17
14,20,26
50,56,9
8,15,68
69,75,20
11,33,42
66,45,8
95,8,95
10,22,76
54,95,53
29,5,85
76,37,11
41,52,99
94,15,99
31,50,8
0,11,92
92,34,75
10,37,97
50,79,66
59,12,49
71,72,45
4,40,42
87,32,93
97,57,98
71,72,84
79,93,76
94,22,58
99,83,20
52,89,5
19,60,68
17,12,72
33,31,89
23,85,19
68,85,55
96,54,30
87,13,30
42,61,79
10,23,42
88,5,83
76,69,97
79,57,96
77,97,90
74,96,59
3,10,42
74,61,86
16,45,12
13,2,86
86,61,16
48,82,33
16,2,32
57,7,7
92,47,47
29,82,16
66,1,17
23,8,84
2,11,72
54,51,20
85,72,80
25,32,94
15,29,80
66,16,21
64,65,59
64,78,4
62,8,19
76,47,29
17,37,45
46,21,82
48,4,56
66,11,52
69,32,56
2,53,61
77,63,84
20,84,79
53,80,20
3,20,46
93,35,79
36,84,43
84,1,58
7,7,44
20,74,97
27,65,62
22,76,61
86,63,1
75,21,68
98,15,15
20,59,75
92,39,23
73,77,12
88,65,16
63,74,83
7,33,68
92,37,36
69,58,93
96,90,5
50,71,69
23,8,51
44,6,34
63,83,94
89,16,70
58,20,20
17,14,36
40,43,60
96,2,49
3,94,91
37,3,6
3,75,21
18,34,2
86,15,17
83,67,60
98,22,37
9,70,75
98,82,18
78,27,4
70,69,58
31,24,58
51,99,84
77,2,23
63,73,36
27,29,49
84,76,98
77,27,30
33,76,59
0,76,55
16,72,25
9,52,75
52,39,98
40,85,56
53,86,70
16,6,27
18,67,27
10,55,2
65,75,1
93,26,71
99,73,81
91,45,42
42,44,60
41,33,75
59,43,53
73,65,76
58,55,82
80,16,15
83,2,61
76,95,96
99,36,20
52,63,33
26,59,33
69,52,87
93,46,60
71,90,20
44,45,98
61,50,84
15,95,61
92,65,2
41,48,14
70,89,50
65,69,93
51,64,36
18,5,78
45,27,77
44,84,66
61,92,24
40,46,23
11,11,12
74,29,16
5,33,91
54,44,96
77,91,79
18,27,74
96,83,85
67,6,97
79,8,37
30,53,69
75,22,15
25,51,72
8,52,18
82,62,15
6,7,10
65,7,36
67,29,48
49,91,4
93,89,38
72,52,79
9,72,12
25,26,24
96,4,81
47,54,38
51,25,19
69,5,57
11,38,33
82,41,86
71,62,77
14,54,3
96,79,53
86,45,44
47,12,65
77,23,42
88,86,92
36,37,41
75,52,97
48,61,70
62,77,13
77,21,69
88,18,65
36,58,84
62,89,93
16,40,58
59,58,38
33,95,66
49,6,12
91,74,27
27,91,9
33,67,30
86,31,14
21,3,77
83,15,49
26,94,94
3,48,86
64,32,43
88,99,35
26,47,61
92,65,26
19,20,86
92,59,21
9,51,28
86,48,65
85,50,14
32,96,5
68,47,9
35,5,79
40,56,86
94,13,94
95,55,92
2,5,25
90,89,28
8,79,98
44,21,48
87,87,65
53,21,64
4,51,78
0,42,41
3,4,54
10,24,84
37,30,34
81,12,23
93,99,3
51,20,50
62,36,68
58,26,37
75,3,57
47,4,34
15,46,42
69,22,84
52,84,37
28,64,86
77,31,28
52,13,94
14,13,30
20,94,79
81,87,5
51,6,74
96,5,5
31,95,49
93,40,66
90,77,6
45,44,17
69,97,47
18,75,18
69,95,33
16,63,11
61,73,39
50,42,93
77,76,72
20,43,76
2,77,89
55,88,59
52,95,30
16,24,84
51,0,33
54,91,12
77,78,11
77,99,53
66,50,86
32,52,65
46,57,42
16,2,26
42,2,95
69,53,12
31,38,15
72,98,3
4,27,93
70,12,30
20,93,38
5,76,57
55,37,83
79,90,82
44,37,81
2,52,70
58,43,19
18,11,13
82,3,66
40,27,34
45,71,3
79,61,93
9,18,81
64,52,55
83,54,69
31,54,37
35,6,84
70,81,97
89,82,36
70,53,94
56,53,67
9,14,83
62,51,22
34,6,27
53,13,5
4,32,17
91,88,20
8,59,39
27,19,36
45,64,91
39,51,16
14,39,14
7,1,62
82,49,42
12,46,62
27,77,54
97,31,98
56,76,59
6,22,15
68,2,75
24,61,19
40,57,4
94,71,67
56,78,12
32,88,22
38,81,84
14,42,38
41,8,0
81,77,99
92,85,22
73,49,28
1,28,24
65,11,85
59,48,56
63,91,78
27,86,15
99,23,6
2,63,67
53,98,96
67,4,19
11,72,69
68,26,87
48,84,43
11,97,33
86,19,22
77,32,44
39,84,92
93,30,14
56,68,66
71,69,38
53,78,75
48,28,52
30,52,77
56,80,70
99,63,22
96,28,82
89,49,62
97,38,88
71,43,97
11,4,29
70,91,54
47,10,25
17,48,38
70,77,52
24,45,1
17,3,14
26,9,45
95,78,91
19,16,12
9,11,1
46,51,68
51,62,5
75,67,85
62,53,11
35,40,97
82,63,39
67,90,88
11,95,79
68,78,19
20,90,71
11,1,50
87,8,54
61,28,36
8,1,84
90,55,49
19,81,32
79,18,35
15,63,25
91,24,73
67,36,35
72,57,83
26,94,18
74,14,7
10,51,81
74,11,57
26,58,32
63,63,7
72,6,85
87,56,93
96,32,94
93,21,33
48,76,17
55,2,76
95,18,53
11,93,27
28,93,13
79,66,90
93,28,23
60,80,87
22,43,12
33,90,80
31,61,65
31,76,50
60,74,43
44,11,44
34,48,48
13,25,12
95,65,26
20,30,25
22,68,65
26,57,48
52,49,51
0,36,14
39,12,94
4,69,12
57,18,99
7,65,8
80,1,78
14,30,34
92,33,8
79,28,11
13,69,0
89,24,37
25,42,61
11,14,85
7,10,68
4,0,63
81,85,20
25,69,80
87,57,39
20,23,53
38,7,77
22,76,31
18,74,88
30,81,69
15,17,52
76,17,94
47,24,77
26,52,49
52,73,79
64,5,84
2,26,42
57,99,56
4,75,62
96,23,27
61,34,62
14,30,94
54,92,71
21,78,49
80,90,81
4,0,19
7,41,19
82,61,7
22,30,99
0,95,29
85,52,67
38,92,43
28,48,28
7,11,84
25,66,98
0,61,84
15,67,48
23,77,32
56,57,27
53,50,58
31,44,90
59,45,1
19,90,50
5,86,73
4,45,68
64,58,99
55,83,37
93,2,25
62,66,62
28,27,81
67,43,86
24,60,25
7,38,6
18,16,29
79,70,48
59,3,62
85,62,97
20,48,37
95,50,9
61,29,80
46,7,42
78,21,91
16,51,77
55,8,25
85,89,94
47,94,71
41,55,86
61,68,38
0,89,22
87,18,40
97,29,58
14,72,23
45,93,55
70,85,51
12,32,95
41,40,98
53,63,57
0,23,86
53,76,34
48,35,7
18,12,28
35,54,37
90,17,69
62,60,28
73,0,99
78,15,27
13,44,40
39,84,50
59,88,95
4,5,19
75,7,59
98,71,25
14,4,12
32,5,9
28,6,92
41,35,72
59,95,89
8,33,38
32,20,15
66,68,63
34,43,7
94,89,12
67,45,56
90,46,51
66,97,94
56,37,56
43,74,73
51,97,24
96,91,89
25,70,47
96,6,31
13,46,85
30,41,65
96,41,93
59,79,28
87,86,49
33,15,74
70,57,76
60,8,66
91,30,95
22,4,51
94,91,40
72,52,37
57,91,79
43,51,36
96,1,68
93,58,37
67,75,26
91,91,42
30,27,20
56,50,12
22,14,57
44,47,63
13,7,45
23,20,7
86,60,85
7,84,14
95,82,91
37,3,31
58,69,99
12,64,0
64,56,9
62,90,0
12,31,25
51,65,73
29,62,26
97,74,93
21,0,71
24,0,7
37,14,65
79,88,38
8,9,23
55,27,80
56,75,4
61,84,39
84,74,59
4,86,47
12,47,75
24,57,47
6,92,13
17,39,73
57,62,38
24,3,51
11,80,34
99,18,33
72,96,78
29,84,57
57,57,13
97,78,74
83,18,93
36,84,22
91,74,29
57,57,23
46,9,90
72,67,9
1,71,61
17,43,25
11,87,23
36,15,32
26,45,76
22,75,94
2,52,39
47,48,82
48,39,49
40,25,82
90,75,53
22,55,98
15,4,14
81,15,68
40,13,64
44,35,54
70,15,61
27,60,89
61,69,58
4,39,71
56,7,56
35,14,7
57,46,3
89,71,80
82,14,87
2,62,7
75,55,8
59,30,21
22,59,63
49,45,64
61,41,29
93,9,56
38,76,78
98,19,4
10,82,50
31,35,78
73,46,97
39,17,76
8,7,93
35,64,92
6,24,3
57,24,11
90,26,56
63,78,87
89,99,75
10,88,73
69,81,68
32,8,69
9,59,62
88,93,59
57,60,28
34,86,9
68,89,6
81,69,82
46,91,12
53,93,93
77,51,5
5,56,45
47,11,85
99,36,19
4,57,16
15,82,26
52,31,81
17,75,19
93,17,5
28,24,62
70,64,45
80,39,18
60,48,57
43,33,90
55,10,53
92,73,85
27,13,79
56,73,80
64,99,33
35,55,77
57,1,18
72,20,89
34,27,71
42,54,10
94,88,33
88,18,48
14,35,90
2,35,80
36,53,71
6,19,19
28,48,85
97,34,35
72,18,63
6,41,23
76,38,33
28,58,66
78,59,92
91,66,52
90,4,98
34,55,30
70,17,33
37,1,14
21,47,59
60,44,33
54,19,93
37,65,43
8,7,3
90,61,85
44,63,63
62,82,24
99,75,44
33,43,30
39,30,39
50,13,13
26,74,8
73,90,99
20,37,33
65,11,82
59,3,1
14,67,39
25,85,90
9,49,13
70,54,83
96,89,33
58,3,33
34,98,75
31,38,72
0,72,30
67,66,59
0,71,13
40,61,99
13,89,69
28,65,75
47,5,76
70,41,23
85,61,87
74,74,39
68,49,10
28,66,24
40,69,13
92,87,29
94,1,99
93,42,60
58,0,25
61,82,95
33,40,29
3,36,10
15,7,96
44,16,23
34,96,38
1,47,77
23,64,0
32,49,80
35,46,53
70,2,6
46,48,37
6,46,9
40,19,26
29,85,17
31,71,54
58,22,71
95,54,93
61,52,9
33,45,34
80,5,27
25,6,15
36,97,44
90,43,25
40,41,29
5,97,42
5,32,15
95,56,27
77,13,54
9,59,2
93,31,60
29,18,70
7,57,28
29,61,49
59,89,19
95,28,35
58,2,13
42,86,29
98,63,67
45,88,52
42,43,86
25,78,81
93,88,19
20,51,70
65,11,78
83,80,70
7,6,41
91,97,28
11,73,74
87,45,85
78,56,97
99,25,34
76,45,60
86,54,88
97,45,74
55,33,83
94,93,94
63,26,63
47,49,41
85,7,50
8,81,94
14,51,20
54,29,41
76,35,55
56,78,84
74,71,57
39,49,18
34,18,80
5,33,9
15,25,25
11,53,74
99,24,49
80,12,64
93,32,3
63,49,45
69,91,13
62,94,30
2,64,62
10,41,99
1,15,49
50,99,95
35,51,38
21,0,12
92,85,81
9,69,8
98,54,4
99,58,31
35,32,20
98,70,50
74,65,9
53,75,55
53,1,28
35,72,61
79,56,37
81,90,44
74,19,43
81,65,74
13,18,23
26,44,94
6,45,3
99,89,55
46,68,52
65,38,27
21,31,99
71,19,5
11,96,57
43,54,63
51,3,7
69,2,19
96,75,76
94,91,61
38,20,39
85,46,96
93,57,89
43,23,17
68,32,8
12,27,50
76,3,68
33,64,74
53,99,55
29,10,98
95,4,69
8,8,85
10,25,61
3,6,76
19,4,4
77,41,66
69,24,73
50,21,65
11,10,91
56,69,26
91,37,97
84,37,27
98,54,76
64,40,73
69,91,18
72,14,54
50,60,27
16,94,91
15,62,70
26,56,1
59,72,55
74,36,31
34,24,36
94,47,25
80,55,85
29,70,65
77,17,45
99,6,18
63,97,65
31,8,89
57,35,73
33,94,64
64,99,82
44,33,45
22,96,61
71,97,7
54,98,71
20,47,87
79,54,5
47,14,1
16,59,96
36,35,1
23,88,21
88,11,84
87,18,60
81,46,6
36,41,85
54,20,80
39,35,83
72,28,99
46,41,31
45,44,89
41,59,0
1,75,32
24,36,96
45,97,45
96,1,64
84,25,62
99,92,61
15,66,75
34,80,4
73,20,59
88,95,53
13,59,72
91,50,13
80,89,93
92,95,92
56,82,14
55,79,85
66,5,46
9,3,80
3,9,66
19,29,20
44,47,99
22,69,37
53,6,33
87,57,63
95,21,3
87,52,72
86,45,21
38,89,41
92,10,93
72,57,69
65,53,45
7,8,43
1,12,99
9,42,33
9,36,99
17,29,4
49,96,19
74,1,46
1,88,85
72,81,74
13,32,45
38,58,90
85,14,96
48,43,65
43,48,90
63,5,35
95,19,15
66,97,22
9,75,85
22,39,27
61,40,99
10,18,25
53,14,98
89,99,49
77,4,5
10,89,67
84,25,91
82,28,42
64,40,64
93,91,13
83,5,40
61,98,36
65,54,81
99,58,79
23,87,29
21,86,40
84,98,10
95,47,23
71,94,44
40,64,72
46,10,60
6,88,81
59,41,49
62,70,83
38,91,46
56,62,47
30,81,71
3,62,49
62,57,20
14,66,36
78,34,85
74,27,16
51,23,51
61,77,97
34,48,56
4,2,84
82,94,29
62,59,5
41,72,4
29,24,91
19,15,51
16,4,46
4,10,7
91,15,74
31,70,92
38,73,43
55,54,82
80,79,60
52,51,3
32,96,34
57,32,12
80,1,85
50,44,76
90,1,54
47,16,7
52,3,99
96,77,8
60,62,81
93,88,7
24,92,72
31,46,1
0,48,78
75,0,90
30,74,43
49,19,13
87,81,68
22,85,22
97,86,88
80,1,99
95,12,74
57,69,93
13,23,3
41,0,7
47,68,32
61,70,53
3,58,92
8,29,87
42,51,20
79,18,80
23,28,29
92,67,8
32,34,5
39,88,18
98,95,0
27,46,78
9,80,8
23,4,54
38,3,0
78,52,79
72,34,99
28,8,18
66,37,75
94,85,56
37,86,22
1,37,13
16,42,94
42,67,86
1,20,0
32,16,75
3,39,45
87,59,69
83,57,33
65,18,71
64,30,34
7,20,24
62,31,56
10,95,40
13,99,18
67,88,38
49,49,2
84,31,95
53,62,28
16,90,80
66,83,98
92,69,22
30,43,90
85,84,77
3,76,38
74,96,74
22,89,47
78,0,78
81,67,47
63,54,84
36,69,92
69,7,7
38,83,65
87,25,35
86,91,36
28,17,61
47,99,31
99,94,20
42,34,5
59,75,87
34,85,18
41,97,42
98,20,68
83,27,63
24,40,19
93,18,1
29,10,68
97,42,98
70,42,61
19,70,10
30,1,28
66,33,0
30,34,23
39,17,17
26,23,44
77,80,69
82,51,62
57,61,59
51,24,27
38,71,86
73,37,14
47,17,75
92,57,36
12,3,3
11,29,2
63,32,92
44,5,73
95,17,96
7,27,20
70,82,91
66,87,66
81,12,67
32,22,46
80,13,16
92,55,42
25,18,22
50,37,3
20,7,13
82,48,8
16,71,62
83,41,40
77,33,88
50,47,31
68,25,7
82,42,55
82,7,83
96,64,13
57,67,63
53,84,91
82,73,70
72,85,95
71,41,33
95,57,78
7,52,88
49,5,27
63,93,3
89,0,39
42,90,61
55,91,92
41,36,91
79,56,54
90,83,78
92,38,1
92,81,76
80,71,44
40,96,30
18,23,7
48,55,16
49,32,71
61,27,28
25,22,1
56,28,61
92,43,11
96,86,19
23,19,93
50,79,25
21,22,15
54,23,42
63,32,42
14,53,57
29,94,50
93,46,49
25,2,55
0,53,97
14,86,18
31,53,39
96,5,86
6,13,3
2,4,82
62,22,93
45,3,8
91,17,76
77,26,99
58,88,39
35,24,45
68,13,81
10,16,64
33,49,38
63,93,72
34,58,7
45,5,68
58,62,55
82,19,21
30,45,50
70,51,6
20,9,17
79,20,83
33,76,62
55,38,89
56,16,91
31,88,38
75,26,55
9,86,45
25,67,98
42,43,53
91,7,21
42,81,39
87,9,96
51,29,57
48,47,25
44,53,98
13,27,4
25,7,17
99,29,79
17,6,76
34,50,34
20,7,25
95,74,50
34,43,96
81,42,22
1,86,79
8,13,52
62,77,69
67,4,42
43,67,58
6,6,9
9,84,22
41,35,78
58,56,10
85,26,39
1,55,75
76,28,32
30,48,50
50,57,49
54,17,31
47,76,73
63,72,64
35,84,22
83,71,34
21,0,54
44,28,82
67,13,78
57,18,30
88,73,69
27,17,71
5,0,87
91,40,53
32,85,46
49,82,13
95,69,72
86,97,3
2,34,33
2,48,72
57,94,26
10,97,86
68,91,50
39,92,23
9,74,75
24,59,60
60,95,27
23,85,94
43,64,17
33,78,78
9,25,21
46,70,51
86,54,67
37,30,14
27,1,17
8,67,52
69,72,41
5,44,14
98,29,44
78,87,83
69,47,5
29,55,33
21,23,0
60,37,14
30,36,82
7,36,94
87,77,5
20,7,71
73,74,82
36,33,79
37,99,60
82,87,86
97,35,26
32,73,95
3,29,45
58,93,11
7,16,86
3,72,78
80,20,91
61,75,96
99,18,85
56,21,59
42,40,11
84,28,5
54,51,86
94,49,45
24,96,75
95,3,4
87,59,28
4,49,65
45,49,80
21,78,71
36,0,54
81,79,98
65,64,2
8,36,63
8,35,10
78,10,5
73,83,84
93,74,57
27,7,27
59,4,51
10,62,30
58,99,46
16,9,70
27,59,38
64,46,59
0,87,48
73,95,24
3,67,48
93,83,76
84,33,65
40,72,85
19,36,9
41,85,98
42,19,52
48,68,97
49,28,34
90,90,76
51,10,39
83,86,77
95,95,12
79,41,25
2,52,29
94,82,41
84,68,1
7,78,9
19,14,12
59,9,58
19,92,57
32,43,70
90,25,54
75,56,32
40,56,35
67,8,70
23,65,81
17,90,11
24,9,24
24,94,1
74,54,20
31,73,6
92,54,59
53,21,32
2,49,43
22,38,9
47,70,64
83,61,27
80,86,89
44,14,40
1,55,53
47,32,7
85,25,14
54,47,97
90,32,22
0,89,67
31,8,90
63,25,72
6,33,93
33,42,34
71,30,56
53,55,1
36,37,95
38,55,44
23,56,96
55,87,46
6,38,25
36,57,47
81,4,89
59,12,75
5,28,43
11,19,21
59,90,28
39,20,5
85,28,65
64,76,67
25,5,51
84,10,24
16,50,99
34,2,1
15,3,53
51,46,52
45,39,73
30,34,51
5,52,48
56,0,63
56,26,41
75,99,29
61,25,5
71,12,84
82,89,83
92,30,8
93,99,92
77,72,62
81,73,69
64,37,80
98,6,17
58,84,44
82,75,75
80,55,16
47,49,91
20,41,98
77,49,65
27,24,91
76,29,59
44,7,96
95,27,1
89,9,97
14,7,96
78,66,8
45,24,11
21,48,52
1,88,61
12,12,37
18,98,98
73,83,5
86,15,50
65,98,54
26,10,92
0,76,76
42,31,85
70,45,95
73,56,96
48,83,58
59,50,24
62,12,43
89,33,72
67,35,73
70,17,29
7,37,31
55,34,40
28,4,33
47,47,70
42,76,86
33,28,28
32,94,62
0,6,9
9,51,87
25,25,53
17,2,12
11,43,36
93,78,7
31,27,93
75,10,45
74,85,38
31,2,81
15,70,40
98,85,80
3,81,37
2,16,55
79,96,95
11,16,75
43,1,58
42,3,56
96,98,33
10,93,29
24,18,23
32,95,75
86,63,97
65,27,38
27,90,23
98,79,82
72,64,19
69,47,30
77,9,11
60,60,91
39,24,6
5,84,8
50,6,45
89,84,68
37,13,18
56,64,26
72,84,26
89,79,74
86,1,99
5,84,97
3,82,14
74,36,66
52,31,78
89,41,95
55,15,1
96,50,70
43,68,60
48,0,25
82,94,5
38,94,79
70,72,99
68,72,64
54,43,82
44,56,97
19,40,50
88,17,72
49,76,16
88,46,78
61,85,50
0,29,11
49,39,17
26,30,76
23,48,98
32,93,69
38,91,8
5,16,40
15,91,62
96,81,65
46,85,72
37,14,50
58,98,73
33,31,61
70,50,55
35,82,47
41,27,9
69,54,21
80,79,74
91,63,62
7,3,84
78,66,31
98,96,96
86,37,44
18,10,20
72,10,89
15,50,90
21,59,21
36,91,29
16,24,64
55,37,75
24,33,22
99,24,62
38,26,54
44,63,52
52,93,36
13,44,80
94,25,15
45,79,15
8,68,48
10,56,3
2,96,96
5,23,56
78,74,46
82,26,98
61,77,32
5,4,3
81,53,62
25,91,69
0,49,70
87,67,51
27,69,72
42,42,50
0,35,19
92,58,26
18,21,33
67,65,47
7,71,84
25,8,44
46,81,51
61,55,88
63,83,78
81,70,27
42,48,34
25,30,45
2,50,81
60,48,47
23,52,15
30,68,65
57,0,74
58,94,92
45,85,42
36,28,75
82,74,36
65,45,28
85,10,5
66,16,44
15,43,1
1,7,66
80,25,92
15,43,29
13,19,18
1,98,78
86,5,2
5,63,44
71,5,84
55,12,91
14,58,2
4,19,85
37,60,88
23,35,46
33,8,41
7,56,65
98,2,82
34,67,92
54,14,96
16,26,30
89,4,51
81,92,11
65,85,36
64,14,20
29,73,55
21,99,28
55,10,18
1,20,16
8,92,14
15,19,17
76,36,97
63,59,70
55,91,55
35,84,71
87,76,56
69,42,55
99,16,19
45,67,51
32,74,40
46,85,48
89,94,41
85,37,93
2,23,66
28,42,16
87,51,12
43,78,51
24,23,76
27,88,47
76,88,21
79,79,77
23,82,34
66,36,55
21,90,31
95,77,71
79,27,10
71,86,88
46,47,25
33,93,22
74,8,86
34,40,26
0,16,22
62,58,79
62,4,35
82,70,62
50,59,62
8,23,92
11,74,73
8,71,20
83,42,21
25,9,61
22,13,16
2,85,91
60,51,50
62,36,65
10,95,29
89,66,26
93,41,23
2,5,14
42,81,70
78,23,12
93,41,7
17,14,28
10,90,15
24,36,39
48,9,0
42,11,66
54,73,38
22,23,9
84,24,51
25,36,73
79,84,49
45,81,5
45,23,15
86,6,11
87,64,48
10,6,14
7,96,57
83,96,8
29,93,11
44,68,39
90,22,67
81,92,11
39,26,69
74,24,71
21,84,22
64,14,4
83,22,5
42,49,10
57,65,36
35,45,39
49,26,57
11,70,28
91,66,33
88,26,34
27,15,16
65,13,8
94,39,5
92,38,17
4,57,81
90,54,51
99,34,42
12,92,89
46,84,45
35,18,78
34,34,52
11,87,61
60,34,80
82,34,49
28,29,83
48,88,65
23,68,44
93,49,29
70,2,43
77,23,5
76,95,73
96,87,88
4,32,58
32,35,64
96,46,68
25,31,82
94,71,83
57,56,16
43,67,23
95,47,88
91,9,28
92,97,56
35,95,24
36,67,11
65,72,34
68,0,9
11,97,81
97,87,62
92,55,54
53,56,29
90,83,24
92,60,9
71,10,92
76,18,9
16,46,0
61,0,5
26,0,70
40,25,90
13,45,35
76,27,40
65,75,94
61,53,55
15,16,96
33,78,13
64,60,83
13,14,7
7,97,57
45,48,68
13,32,71
60,23,1
91,69,85
2,60,87
45,77,12
4,70,97
46,16,21
75,79,5
42,85,62
39,2,55
77,78,83
13,83,84
11,22,67
23,51,26
86,73,91
2,83,97
70,50,60
82,27,42
41,95,63
29,28,24
24,45,97
90,88,62
74,11,51
21,60,76
37,12,28
77,25,11
43,86,44
33,30,21
6,72,5
3,49,32
36,94,52
80,36,18
67,17,0
40,32,43
10,87,19
8,66,71
18,75,41
34,0,1
80,32,99
94,59,84
63,66,37
78,48,14
42,48,7
84,17,2
58,10,96
14,8,36
82,56,68
47,85,4
29,88,68
16,63,60
68,48,70
57,83,2
26,35,33
52,51,18
83,84,47
2,61,71
23,61,45
88,40,61
35,60,45
69,95,54
6,47,69
32,66,24
73,47,15
70,49,84
84,29,24
33,45,94
69,66,94
96,93,88
65,82,67
10,2,74
91,6,56
39,59,13
18,30,84
44,36,4
28,74,70
70,82,64
87,39,85
78,72,35
59,12,35
54,45,43
17,75,4
38,3,39
48,36,1
78,9,81
90,58,46
36,97,69
85,14,8
42,32,36
22,57,72
11,78,90
76,23,4
45,20,65
23,20,74
31,68,4
6,3,76
63,93,61
96,64,7
36,96,64
57,62,75
56,60,94
0,65,9
16,63,69
58,2,73
9,68,40
78,19,65
3,45,72
36,97,47
21,98,46
73,28,86
84,27,0
84,80,40
83,98,19
3,79,73
9,19,51
46,83,71
62,73,40
23,4,63
0,41,12
98,39,89
96,19,72
21,27,73
55,14,69
21,4,42
46,89,27
56,59,76
90,89,56
16,67,76
53,27,37
1,89,1
44,16,58
50,8,25
23,42,68
46,54,87
48,92,9
81,80,71
66,62,47
19,77,7
99,81,16
67,30,72
81,31,80
43,56,92
30,84,36
33,19,65
51,29,78
26,2,14
94,43,46
71,24,72
96,99,56
55,89,76
33,8,70
80,27,36
25,66,3
54,25,33
16,39,27
71,69,45
53,77,25
90,1,79
20,91,20
87,19,32
14,46,71
76,46,8
68,58,69
69,35,40
8,19,79
58,98,30
45,39,88
48,15,59
75,33,44
69,94,54
93,28,57
58,98,71
78,81,32
50,62,36
66,59,99
17,71,50
90,73,7
2,2,41
66,75,89
4,55,16
98,0,53
31,72,16
58,95,79
9,67,12
67,22,89
59,67,41
93,77,96
97,35,22
73,43,38
80,86,2
14,60,97
4,99,55
50,61,2
66,47,94
28,91,45
65,15,1
30,97,12
14,83,63
59,87,66
87,80,14
15,85,6
11,7,13
94,93,14
33,70,46
44,19,64
97,16,25
10,24,10
87,20,33
36,13,62
99,33,23
78,39,5
42,98,86
98,47,33
52,63,33
50,69,79
16,92,17
15,84,32
66,38,62
65,89,30
13,6,7
67,62,50
74,30,43
40,86,54
63,60,34
44,82,90
65,7,41
95,33,91
17,42,7
35,49,38
84,70,98
53,78,50
35,6,11
18,3,48
20,60,27
25,49,60
45,78,94
60,42,73
84,24,94
37,0,88
35,51,28
31,31,31
64,36,28
32,64,56
61,38,7
27,84,15
10,99,69
28,43,19
8,87,14
26,87,87
13,86,96
46,52,4
78,46,23
10,53,87
34,81,64
27,94,59
28,0,81
70,15,47
38,21,38
4,71,68
75,94,19
9,9,7
87,72,25
89,94,8
93,40,95
46,78,89
6,43,82
74,72,64
91,8,12
7,35,60
0,3,92
98,59,78
96,73,65
16,23,76
36,5,81
17,64,23
82,45,33
60,88,3
38,59,49
43,47,52
94,82,88
27,38,74
85,2,58
6,16,71
43,33,40
42,56,22
92,74,5
60,0,53
41,24,50
18,36,39
95,0,20
22,65,96
9,78,81
61,43,32
8,86,78
72,41,59
47,89,43
80,53,36
87,13,79
78,86,7
50,13,42
43,69,15
77,37,71
69,29,85
61,64,77
59,48,5
97,70,37
65,86,37
5,90,8
85,53,78
74,76,2
49,93,40
32,81,32
86,99,96
2,90,68
56,29,85
40,42,67
84,26,13
89,85,79
91,9,89
36,48,97
18,77,8
76,73,81
29,84,58
56,27,83
35,50,18
16,43,9
74,72,79
79,87,38
28,16,24
91,80,27
12,33,98
11,68,75
39,36,66
6,88,85
58,7,77
90,78,60
88,45,78
72,16,90
96,32,90
62,93,87
25,78,1
31,11,23
37,58,79
3,89,38
65,42,11
79,85,23
61,53,61
93,36,47
87,27,47
88,60,69
76,37,71
87,86,25
56,75,39
15,68,34
21,23,29
0,26,58
32,76,79
78,2,70
62,60,95
28,56,97
53,73,74
62,8,45
6,51,83
64,87,31
43,3,51
57,41,27
97,28,42
17,39,95
8,51,31
89,75,31
46,15,12
32,3,46
3,68,56
73,61,84
33,64,40
92,30,51
60,73,44
63,45,79
92,86,20
80,65,26
26,98,24
75,79,20
41,63,46
11,69,3
83,73,38
26,69,74
82,95,94
63,30,54
60,38,84
44,3,78
95,61,71
73,89,95
15,86,79
40,34,4
82,20,88
14,42,42
69,89,67
13,84,22
75,80,10
5,62,87
51,77,57
57,31,38
61,20,52
23,13,65
61,25,1
11,56,47
65,44,67
11,12,8
62,28,34
86,43,26
83,32,81
60,29,70
65,50,27
45,4,84
78,14,32
58,89,59
46,7,88
68,10,41
19,15,89
66,57,85
73,35,44
78,42,42
84,87,81
0,49,65
15,10,30
97,72,6
93,25,43
32,98,43
68,33,99
8,61,7
37,14,88
71,64,41
84,62,97
38,13,4
61,60,45
95,28,17
55,92,53
57,37,51
95,50,68
81,98,79
27,50,66
74,11,61
34,47,23
47,75,57
33,10,12
74,17,1
17,29,33
13,85,16
62,1,42
47,30,76
88,48,67
28,57,3
18,67,24
15,97,16
84,67,11
82,80,76
76,13,75
73,68,36
54,22,32
57,1,35
32,10,45
59,40,37
93,44,11
69,39,44
34,29,69
26,61,53
98,44,21
74,52,24
40,53,72
90,6,41
55,50,65
85,36,64
92,88,44
97,20,8
32,44,55
20,29,93
39,57,88
32,44,99
34,66,59
30,89,19
48,12,84
10,1,15
57,69,62
45,12,34
16,67,96
1,2,93
53,19,81
78,70,92
39,27,29
90,46,98
27,32,61
48,53,73
42,97,45
9,14,63
67,74,96
76,45,36
27,22,18
53,96,21
52,83,13
88,78,73
18,46,75
24,38,36
7,50,29
7,16,96
35,7,44
85,62,37
27,42,54
88,76,53
98,79,68
86,5,53
21,81,99
61,33,81
49,79,23
68,77,3
63,68,17
46,7,50
67,30,16
27,97,92
96,62,56
47,30,75
90,68,25
23,66,95
33,40,44
68,41,40
60,11,50
13,44,35
44,93,72
15,65,33
47,91,1
29,58,88
44,48,52
3,41,19
48,55,98
24,90,29
84,6,16
21,23,16
2,32,47
49,79,35
50,90,44
96,12,7
74,52,29
90,40,41
37,64,1
52,19,41
29,4,29
62,55,55
87,4,71
14,61,46
50,93,88
80,69,23
20,55,10
12,46,51
82,56,28
46,57,29
18,10,5
7,59,20
33,65,69
29,7,62
50,69,11
17,47,38
53,81,0
63,19,22
84,66,30
18,68,5
17,11,10
1,4,5
37,16,6
51,75,11
22,96,17
71,68,33
20,57,52
93,62,47
18,19,13
93,88,54
21,30,95
48,67,95
27,92,65
6,54,60
52,17,42
81,37,4
40,90,57
68,29,90
80,69,41
44,73,77
61,12,97
50,2,42
73,18,92
27,71,2
35,11,17
88,55,40
96,20,13
31,88,96
70,97,72
88,56,9
66,39,75
42,36,16
38,78,26
26,4,60
50,49,71
6,94,66
51,61,62
85,3,33
69,55,46
98,24,28
88,51,55
61,88,37
21,91,35
35,75,9
23,98,1
98,4,22
6,5,75
18,26,24
12,46,58
41,28,88
11,28,14
4,95,71
40,45,43
98,84,92
74,86,49
29,70,47
13,13,14
57,50,91
81,19,14
51,34,90
57,98,28
38,86,75
80,91,58
7,68,70
30,39,50
94,48,27
19,26,82
24,56,83
6,23,5
80,16,14
50,55,87
57,97,42
8,91,22
2,32,5
29,7,53
1,25,34
83,63,27
60,24,11
85,91,47
69,17,47
37,90,49
90,83,99
35,7,36
50,24,33
41,1,76
49,64,23
60,19,48
41,53,76
30,40,49
16,13,6
79,63,66
82,65,38
37,21,35
55,12,56
52,20,63
36,70,0
37,36,17
81,94,88
68,96,14
83,63,43
22,75,2
39,32,66
38,0,97
0,3,70
14,76,99
25,47,52
20,43,83
83,27,25
88,12,42
70,59,18
36,84,87
2,33,5
50,15,10
61,42,48
41,84,75
41,50,76
12,85,10
73,96,98
71,42,40
36,34,11
60,22,5
30,6,27
22,62,80
25,2,77
13,26,88
26,23,94
18,52,67
33,16,83
14,76,59
11,63,28
98,44,87
49,72,90
30,3,85
37,42,17
19,69,77
88,12,21
26,91,37
98,56,59
67,42,45
9,10,40
15,33,11
27,54,69
0,80,1
47,69,96
79,38,79
12,60,33
37,48,95
37,54,54
48,65,82
87,14,15
5,81,94
39,29,89
90,62,46
45,73,34
3,75,3
40,24,8
9,45,96
7,97,48
68,90,60
85,49,81
16,52,0
40,72,24
46,99,49
22,85,19
27,43,41
49,24,93
45,96,75
71,24,80
5,21,9
75,32,53
29,61,10
95,39,87
89,56,46
44,2,95
4,38,51
74,57,84
58,53,16
72,44,59
97,16,62
58,15,31
89,2,45
24,41,10
47,21,35
66,40,47
61,98,23
12,12,85
39,37,0
38,9,4
70,82,14
27,15,74
21,89,37
25,19,46
53,78,36
76,17,69
36,44,83
60,40,35
37,64,18
98,81,90
30,37,90
36,60,89
22,99,6
85,48,17
39,39,70
63,92,50
43,80,59
71,67,92
86,98,5
22,57,63
75,8,46
82,41,86
59,91,69
49,77,14
14,13,88
67,29,0
17,93,90
83,63,21
85,80,0
2,12,47
56,46,36
61,48,37
12,40,37
7,88,84
44,71,63
81,32,88
48,23,38
92,94,34
7,56,15
98,32,80
53,16,12
57,27,31
25,39,61
57,27,83
80,8,17
4,63,35
50,81,54
63,91,79
68,77,3
18,89,29
12,69,14
65,3,12
17,89,9
22,25,81
30,94,68
46,49,13
91,17,94
59,19,30
39,27,61
39,37,4
81,80,10
82,85,38
90,11,45
67,27,35
96,65,55
28,28,1
27,26,63
79,19,37
72,75,18
28,90,11
27,64,68
37,20,95
56,10,96
94,5,23
13,49,10
81,1,93
98,10,43
94,46,76
16,79,31
50,28,85
19,68,56
23,99,58
90,66,19
62,42,94
9,40,33
95,81,9
62,93,18
75,12,48
16,54,78
96,48,17
20,15,4
45,43,14
90,14,92
79,90,31
64,72,23
71,35,58
99,45,43
55,80,97
49,41,48
90,5,78
91,82,21
56,88,55
34,35,91
82,39,40
10,66,82
52,71,32
98,95,11
92,92,30
45,23,47
0,29,4
76,64,88
0,86,31
62,68,2
2,37,57
78,45,18
5,82,0
65,2,3
58,26,91
0,26,82
1,41,63
67,6,31
23,21,45
10,40,61
57,19,8
44,86,28
41,56,61
64,50,53
47,87,91
57,17,52
69,9,15
22,14,13
38,32,96
9,9,52
45,34,83
61,48,43
23,95,31
16,68,87
89,94,57
32,57,89
57,55,86
48,24,29
82,19,50
15,57,27
2,39,39
89,95,43
32,50,56
99,80,69
79,94,2
92,77,78
11,27,77
28,79,18
96,24,15
81,19,46
45,56,97
41,36,71
5,2,39
33,54,25
47,93,10
73,45,81
50,64,41
3,67,54
7,20,74
95,50,6
5,1,80
12,6,25
46,89,73
22,4,52
74,78,82
97,6,87
97,99,20
10,54,95
82,49,72
36,85,48
48,11,11
38,49,15
29,7,67
13,14,56
51,77,58
4,4,81
20,58,74
69,14,14
14,31,21
59,78,42
60,27,48
88,42,25
37,54,95
4,58,23
92,42,37
53,37,4
20,25,21
16,30,81
57,86,75
77,67,63
45,76,2
48,3,34
1,54,66
9,48,9
70,16,21
3,92,5
39,22,70
98,23,67
63,6,51
53,9,82
7,86,49
61,64,93
41,98,80
69,9,9
36,84,84
8,66,22
39,13,71
54,96,29
87,38,48
72,20,58
89,22,30
86,22,42
90,38,2
67,95,42
58,31,43
56,99,27
6,40,26
88,58,9
79,95,65
12,25,53
42,40,88
18,85,72
92,34,18
43,18,38
55,72,95
54,74,59
15,29,82
36,20,90
23,58,35
32,59,71
31,76,12
19,40,78
62,50,29
72,92,11
28,88,74
92,5,80
69,11,38
74,76,1
22,82,44
72,34,90
12,12,20
53,75,42
15,29,7
1,16,5
83,65,1
87,8,31
90,72,61
56,37,54
29,48,60
79,34,43
9,63,93
1,88,3
0,19,33
3,11,67
93,28,23
72,63,25
45,61,43
70,51,58
15,39,74
58,73,44
51,30,15
76,47,89
71,54,53
86,80,37
60,84,72
69,32,75
27,95,64
74,27,64
5,6,31
83,4,36
65,33,61
41,83,13
56,81,57
69,19,96
18,99,34
30,90,85
89,48,6
6,77,63
23,98,72
41,9,14
55,94,3
54,33,34
71,66,62
46,81,57
18,84,41
18,8,79
23,97,53
11,79,66
63,73,83
51,65,21
67,11,54
86,22,6
81,33,42
83,60,50
62,78,71
29,55,50
22,78,68
86,84,27
40,30,97
53,21,80
97,73,16
82,63,27
97,96,60
80,54,75
32,85,57
89,89,45
71,35,67
57,7,96
70,24,46
45,90,26
57,67,69
88,49,42
77,34,62
28,52,42
84,78,69
10,38,76
86,53,67
77,48,77
46,10,11
46,48,66
40,69,16
59,77,93
81,56,4
41,57,60
81,7,49
12,33,70
27,78,65
40,24,2
91,84,85
33,12,67
58,11,26
31,10,13
94,83,85
20,38,99
11,45,67
86,67,70
76,47,19
11,99,96
45,88,89
77,36,62
52,74,88
16,98,9
72,91,74
63,97,14
57,59,28
5,80,86
92,25,24
68,94,78
48,83,93
51,29,31
23,41,80
69,96,1
93,87,91
20,75,1
3,39,19
12,44,62
79,81,26
60,30,98
91,50,94
10,25,58
83,75,12
74,98,13
39,76,2
2,36,97
14,62,28
98,60,3
74,80,72
64,57,23
35,62,34
37,47,4
79,27,43
73,44,4
28,4,24
72,79,6
76,6,96
90,93,19
27,68,72
40,60,2
72,96,4
29,65,49
42,82,60
58,74,68
25,22,39
33,51,88
96,60,16
10,22,41
87,27,27
71,63,11
60,61,69
55,70,10
42,96,74
93,20,9
19,87,25
4,8,1
81,54,10
7,2,4
51,61,66
30,7,63
58,90,64
65,35,62
11,30,95
57,11,77
2,83,3
9,46,43
36,79,5
71,33,91
18,50,87
60,45,83
84,98,79
67,40,13
70,85,2
63,42,59
37,23,33
48,77,54
25,6,31
97,69,97
75,13,84
96,50,17
51,70,96
41,64,13
30,67,43
0,4,3
15,85,89
17,35,11
38,21,69
5,36,99
75,40,56
85,13,73
7,51,87
56,11,3
6,69,30
32,19,54
51,14,38
89,73,53
49,51,57
85,17,8
25,89,75
53,81,30
66,44,36
28,17,94
98,34,24
27,83,15
29,44,39
34,98,11
3,13,88
54,59,24
22,27,17
34,89,54
85,39,6
25,86,13
4,19,42
63,58,83
1,61,83
92,94,82
63,52,94
57,7,58
47,3,53
52,22,86
96,47,94
48,44,19
84,15,95
65,36,16
72,25,55
7,45,60
50,29,65
31,74,69
18,42,75
98,74,51
33,94,89
64,46,44
33,83,71
57,74,37
43,96,15
48,51,62
97,74,42
12,15,96
37,27,61
3,2,83
27,74,13
22,67,10
46,81,43
24,58,80
95,90,52
26,79,59
89,2,5
57,16,49
39,15,50
54,34,83
44,69,65
42,14,31
99,57,97
31,94,14
25,97,1
40,30,46
23,86,9
97,64,10
60,19,36
31,27,68
64,23,67
86,95,77
67,28,84
52,59,19
98,4,46
81,1,76
14,34,89
7,61,46
66,96,83
73,4,20
54,52,44
87,92,40
17,37,1
79,14,48
88,21,98
18,75,16
53,9,89
75,93,14
19,59,34
58,88,67
26,11,61
54,90,26
82,80,56
1,27,81
74,85,98
51,70,58
71,47,69
37,99,31
72,77,97
77,86,60
32,16,53
63,4,84
85,96,30
86,12,38
36,76,61
48,80,71
16,8,37
58,50,77
21,50,34
77,39,51
46,55,62
9,41,3
41,51,49
47,31,82
28,44,66
35,65,78
0,16,60
70,23,24
38,76,4
20,45,19
81,99,20
70,36,47
21,38,10
58,60,7
2,35,99
65,52,77
32,96,66
90,27,61
85,12,18
38,44,73
95,22,29
85,40,48
68,32,92
86,40,40
50,77,58
36,63,51
81,76,54
23,49,56
27,94,43
66,61,28
59,16,80
64,19,45
70,76,71
78,26,7
4,62,92
49,6,70
67,44,38
90,51,47
1,76,88
70,39,19
28,27,63
90,1,75
4,25,51
32,16,57
8,76,64
69,57,90
31,14,7
8,75,83
60,32,47
33,88,20
38,85,72
78,54,70
75,5,89
43,75,75
34,0,5
76,40,87
79,19,60
41,51,26
64,64,56
42,39,28
64,39,73
55,68,56
0,44,49
66,42,91
89,91,12
55,75,39
49,69,87
76,81,71
50,96,88
13,14,45
33,5,41
73,7,79
81,16,38
90,62,9
68,15,83
12,43,59
41,70,20
14,17,38
87,60,98
61,36,2
14,91,86
71,49,41
2,33,41
56,44,7
7,2,93
54,51,18
78,19,81
0,52,29
59,4,78
32,74,97
38,81,70
99,7,82
94,76,36
57,38,25
46,93,48
66,57,38
94,4,69
74,81,72
33,41,88
17,47,49
24,67,71
8,31,28
99,17,24
14,84,26
6,33,54
20,43,45
2,39,79
94,30,56
84,16,44
80,31,37
59,62,94
39,9,57
7,96,15
82,10,18
28,3,89
15,52,40
58,4,83
69,97,27
70,7,14
54,24,22
23,89,49
30,42,82
39,35,87
88,30,91
98,27,31
46,68,88
35,10,51
7,36,10
3,25,29
40,62,55
5,82,33
71,63,86
97,76,86
88,11,55
81,82,13
92,59,23
11,26,61
69,89,25
57,19,33
25,45,49
27,62,82
74,83,40
11,25,10
83,20,57
99,91,78
21,41,33
23,58,2
47,32,76
43,56,92
40,75,18
24,27,93
50,26,53
93,18,49
68,47,74
60,7,80
71,1,53
42,59,39
24,54,92
94,98,63
68,91,21
60,40,59
4,25,6
50,18,78
20,87,99
95,61,93
97,66,59
43,40,5
57,43,9
18,5,54
76,66,58
91,13,61
51,67,71
49,56,28
9,48,75
37,49,22
7,45,20
52,0,82
33,87,72
9,63,77
84,41,46
94,26,17
76,37,30
89,70,34
55,59,57
93,86,23
86,0,83
23,38,3
48,36,62
51,12,43
72,34,12
42,8,54
1,36,50
0,64,86
66,69,51
94,27,51
38,99,57
18,88,3
64,63,13
52,22,28
16,99,77
76,83,44
2,11,2
23,33,76
9,11,45
2,45,13
92,48,88
10,77,46
66,15,60
22,63,45
22,36,32
90,37,3
36,21,16
95,61,66
13,57,17
21,27,43
82,89,13
33,1,48
97,4,16
38,44,38
94,77,92
66,40,29
91,77,9
34,12,56
47,83,80
61,10,35
2,62,33
71,93,30
14,9,78
2,91,87
84,12,25
12,94,54
42,69,4
93,6,9
12,14,1
66,29,1
36,76,61
23,41,30
25,85,78
82,11,84
53,66,16
85,23,35
72,94,2
68,21,21
55,96,86
32,45,74
66,38,50
53,96,87
76,84,5
23,83,96
59,60,86
38,83,57
23,98,57
12,12,89
20,2,21
71,97,50
16,75,51
23,66,15
89,87,3
81,99,98
79,12,3
41,25,12
89,13,37
19,95,95
20,81,60
93,59,83
56,7,39
40,59,26
28,48,69
51,5,43
44,70,5
66,46,95
42,41,95
39,0,78
25,40,22
39,7,10
26,76,40
8,32,20
17,84,89
74,4,73
9,41,37
46,6,6
44,90,71
19,34,25
92,95,99
59,88,74
13,13,3
22,57,44
4,50,3
38,2,46
74,98,97
14,27,36
56,65,60
95,86,36
37,58,57
30,3,19
44,16,41
19,4,16
29,81,45
56,24,52
9,96,61
31,50,94
39,61,28
80,32,53
30,18,33
71,26,95
1,50,9
63,18,86
46,49,35
71,76,17
67,71,88
83,95,64
60,49,62
44,61,17
74,67,95
85,31,76
85,11,13
53,59,90
9,84,91
22,48,4
93,0,58
55,34,47
98,21,76
4,75,84
88,74,25
19,78,57
17,42,40
64,30,53
49,26,85
90,53,95
33,29,30
57,10,40
85,97,43
55,4,71
69,4,71
40,51,84
53,7,61
6,84,85
3,85,5
36,82,95
28,73,53
1,69,88
25,39,73
83,25,88
92,17,38
2,91,98
28,54,53
20,77,16
15,56,31
94,51,86
77,98,64
16,44,12
66,59,5
97,72,49
60,97,5
57,11,99
72,81,53
30,18,79
28,31,32
91,19,63
45,65,37
79,50,52
41,90,96
51,63,7
0,65,82
64,28,88
85,1,43
89,15,89
5,76,45
56,20,34
40,92,86
65,52,96
88,49,45
48,57,45
7,33,60
92,43,0
52,15,18
92,95,20
68,94,92
90,16,5
42,90,3
42,49,11
9,20,1
41,88,94
7,54,3
59,34,44
7,19,27
49,30,20
85,7,63
41,97,71
73,27,40
56,86,34
33,69,54
32,57,90
90,46,83
34,2,43
67,58,65
5,87,36
34,63,36
65,43,55
97,49,39
17,11,50
17,46,23
94,97,68
5,32,14
46,35,98
94,69,28
88,0,17
47,15,0
73,8,99
33,43,95
55,20,32
10,77,19
98,42,63
7,63,58
49,20,92
50,45,89
11,77,15
53,85,96
38,42,49
11,48,54
94,74,54
39,78,76
58,25,12
40,16,42
60,90,20
28,25,30
23,22,24
16,5,24
35,3,54
16,26,28
87,70,48
51,22,16
3,20,80
83,28,39
31,63,5
42,88,85
92,13,72
73,69,83
99,89,99
7,24,97
36,5,2
89,65,52
70,4,94
14,45,33
51,12,18
37,21,5
72,73,8
62,15,89
1,61,95
20,81,36
8,19,33
89,48,31
18,9,3
67,82,29
66,52,9
60,31,99
36,98,47
95,48,77
38,82,51
93,93,95
89,5,85
88,37,38
17,83,68
29,48,49
78,56,1
46,76,79
33,33,22
72,43,66
95,25,33
10,48,75
12,64,99
84,70,29
15,12,96
11,20,72
93,40,5
89,75,82
23,32,50
63,67,84
20,6,94
87,37,17
89,82,49
3,22,33
5,11,2
41,27,85
10,47,13
64,10,49
88,46,72
81,76,91
9,19,89
26,58,83
48,25,18
29,75,63
41,34,18
66,53,7
20,42,83
33,24,48
21,16,84
19,40,60
84,94,96
98,21,4
0,62,81
56,88,17
72,72,15
6,21,14
79,19,94
12,43,85
59,23,95
0,71,86
70,96,99
82,19,3
26,49,46
45,40,27
32,93,66
56,69,64
76,29,83
63,83,13
69,60,81
72,76,48
75,23,10
47,68,33
13,80,31
70,89,70
57,49,74
41,44,22
44,74,46
47,43,62
34,47,18
41,52,50
75,37,26
45,82,94
68,42,68
37,13,8
50,92,85
11,77,34
11,75,83
89,94,22
28,63,82
52,35,33
10,90,82
83,5,68
36,53,97
80,80,11
6,33,9
50,17,41
71,74,89
87,78,1
34,19,24
13,93,41
89,56,47
90,50,22
37,0,13
50,44,45
41,97,26
5,36,50
94,61,40
69,97,33
74,57,73
21,2,74
94,56,40
80,21,52
97,42,27
1,98,55
13,4,30
44,20,16
75,4,1
54,80,4
66,20,86
7,99,50
69,60,83
32,65,16
70,3,73
19,20,1
30,67,23
1,46,77
72,33,14
94,9,8
9,36,32
48,2,94
36,53,44
15,13,96
49,64,84
48,58,63
18,27,4
78,43,61
83,71,20
4,35,36
33,6,96
44,69,74
45,17,99
2,7,19
27,72,69
9,30,28
29,41,64
49,20,63
4,38,66
60,63,66
54,25,54
62,31,41
35,18,7
70,23,10
59,88,91
96,63,5
6,55,75
41,88,52
96,78,50
48,49,81
80,18,86
18,86,60
92,70,85
42,20,48
63,20,88
40,83,5
48,65,34
95,91,34
2,23,86
80,84,75
10,3,36
88,35,53
41,23,48
66,82,6
75,99,3
54,99,64
27,21,17
94,47,57
24,35,72
0,83,29
94,73,55
76,21,28
92,23,66
8,43,85
15,18,76
51,14,45
63,41,75
73,29,86
91,24,17
25,41,35
58,88,20
78,39,93
44,10,51
79,59,60
88,16,71
13,16,52
32,54,58
7,94,88
49,99,69
36,31,98
94,94,30
59,4,87
23,45,35
77,39,25
8,3,8
72,94,6
14,47,21
29,32,52
40,86,76
55,30,4
16,2,17
63,70,19
48,67,39
47,89,42
92,21,68
50,54,90
99,90,65
94,24,91
3,19,71
7,45,35
91,9,84
84,49,98
89,46,13
83,91,6
37,58,25
3,78,14
68,33,63
7,17,47
11,20,75
10,44,58
68,78,95
66,81,83
18,56,1
87,9,67
80,30,93
0,56,23
44,13,59
67,69,55
6,36,14
3,20,81
5,63,82
62,24,63
33,1,84
46,39,83
83,48,34
83,97,30
71,41,80
40,21,42
40,56,23
27,49,97
24,55,32
28,8,59
83,40,22
79,42,58
59,90,60
32,28,41
37,14,47
41,92,93
43,74,74
86,99,55
83,57,86
83,23,38
57,16,99
78,2,44
29,42,61
62,5,50
24,9,61
61,15,7
79,24,58
32,62,40
7,40,73
65,29,39
38,58,57
34,27,19
28,47,73
66,86,27
59,69,29
80,82,94
0,81,84
94,88,79
89,77,72
83,8,90
85,42,25
57,35,20
90,76,8
65,45,83
97,82,75
39,0,1
21,43,75
74,21,42
0,4,70
76,79,27
49,91,87
29,84,83
39,60,90
59,71,61
77,63,38
93,75,30
77,92,98
6,36,92
88,62,19
80,14,73
33,31,10
42,98,9
98,13,68
0,61,58
84,90,47
13,56,26
26,23,63
32,39,91
91,18,69
76,57,22
55,2,50
4,98,29
47,47,12
69,96,71
54,70,30
87,39,37
81,66,31
25,25,79
23,51,4
13,58,18
81,55,98
36,90,65
59,13,96
10,86,54
33,57,46
70,29,55
28,58,41
25,70,81
55,37,64
95,99,31
16,34,76
26,24,55
96,80,21
52,77,50
12,96,61
4,32,18
40,49,19
51,5,57
32,93,6
98,88,80
68,17,81
83,92,48
39,93,77
78,27,58
60,44,50
59,84,77
22,31,48
11,96,92
69,92,32
38,77,17
52,16,30
74,91,95
53,25,72
81,12,8
69,97,54
45,51,28
25,84,6
5,36,83
56,54,31
84,58,45
94,42,49
10,99,92
45,9,51
96,18,53
71,66,11
76,20,82
86,22,72
93,69,43
78,2,34
39,94,22
54,41,25
5,76,58
57,99,39
10,13,55
7,72,88
33,54,70
52,45,65
53,9,24
23,74,70
16,88,10
42,62,29
70,72,2
12,87,1
19,44,80
25,66,72
85,2,42
98,80,17
12,86,21
17,82,27
4,70,67
94,0,37
69,62,8
65,52,31
53,98,60
75,75,71
45,41,38
33,5,18
92,24,79
3,58,99
53,76,68
0,68,53
54,28,30
6,53,67
81,16,41
11,27,35
53,49,78
83,33,79
60,1,68
4,97,1
89,38,40
77,94,96
83,93,8
93,14,33
40,16,54
87,38,81
34,86,7
88,42,90
88,11,83
32,51,99
14,36,68
41,96,72
62,78,93
61,31,68
39,80,71
4,52,26
83,74,58
53,68,13
69,36,26
1,77,89
91,91,28
28,71,97
78,64,7
82,95,64
91,13,1
53,32,19
25,41,68
0,53,88
3,44,14
94,10,30
35,68,40
66,47,69
5,16,14
37,58,32
51,14,43
45,99,87
26,80,66
29,63,50
36,45,12
69,90,60
98,76,32
78,41,40
67,4,44
64,34,89
52,13,48
83,47,85
76,79,98
55,52,61
47,1,66
93,30,49
82,33,67
4,54,75
71,20,24
49,46,54
89,91,32
17,68,43
47,49,5
98,54,51
56,82,45
65,61,68
33,5,8
16,5,10
63,85,95
41,86,73
69,7,69
85,96,64
33,67,45
81,77,71
52,66,40
70,21,63
18,89,39
38,46,59
44,60,78
51,83,59
16,47,31
2,30,22
66,59,27
68,48,56
54,44,61
70,24,48
7,85,76
19,75,2
32,1,27
98,44,67
72,72,11
38,0,9
85,27,28
7,18,24
88,68,61
32,21,7
38,58,55
45,57,87
66,15,15
69,71,73
84,19,56
2,55,7
98,31,26
42,12,4
65,62,36
25,60,29
92,13,49
72,45,8
53,70,82
3,51,0
41,9,66
19,7,9
1,92,84
6,30,87
13,58,32
76,86,11
60,10,21
53,30,95
94,41,33
6,58,74
49,56,17
9,95,59
45,84,19
24,83,50
30,38,56
28,21,60
89,32,6
60,66,13
8,17,90
13,43,22
77,40,53
63,49,32
7,0,52
38,10,22
80,41,20
23,35,18
75,67,19
42,62,65
7,40,91
23,59,38
41,76,56
35,14,39
91,78,26
96,6,10
14,7,69
3,91,17
41,75,57
51,55,94
98,70,30
59,69,72
44,18,38
62,87,65
73,82,8
51,23,46
71,99,91
96,28,44
79,78,99
21,50,81
40,50,61
8,1,14
14,80,25
64,65,52
40,3,44
1,48,93
38,59,98
20,36,31
58,47,79
28,14,26
90,14,65
57,9,97
34,64,31
46,57,21
62,39,89
57,56,81
93,8,30
64,19,82
30,59,46
54,23,64
86,90,37
51,26,58
89,13,66
83,0,76
39,31,50
51,34,45
66,66,17
74,58,94
16,57,4
71,67,30
30,47,46
5,23,12
55,48,21
25,13,29
97,1,71
80,80,3
77,13,93
97,71,85
67,34,86
19,0,53
69,88,59
88,95,14
49,15,12
25,13,85
88,33,62
10,44,92
49,14,37
93,84,47
0,47,68
69,40,24
20,45,27
30,3,64
81,82,78
69,83,93
23,71,46
69,62,92
27,68,75
98,91,51
71,36,93
82,84,74
56,75,79
6,97,94
24,81,17
28,10,30
50,97,95
78,37,8
80,90,24
41,56,77
30,81,31
83,16,24
50,22,9
51,31,47
71,12,18
98,5,2
32,89,8
61,69,11
57,53,29
40,69,71
85,86,80
89,6,20
81,26,11
58,8,93
53,29,62
28,94,0
6,61,36
90,49,16
70,69,58
20,60,33
22,48,62
96,5,73
19,60,68
40,95,52
44,3,30
45,35,23
20,61,19
17,0,17
52,9,77
94,48,28
41,65,22
46,47,49
82,80,24
86,21,77
85,63,3
8,46,88
59,52,40
14,79,24
14,54,47
25,25,86
53,62,5
32,75,71
99,91,88
57,67,47
72,38,17
69,98,84
24,19,83
28,28,70
47,3,21
86,84,16
51,38,10
45,13,58
87,86,19
5,97,92
63,90,63
15,47,3
60,31,59
14,58,75
26,30,17
75,32,77
30,52,56
2,6,56
69,16,60
73,65,95
58,40,22
2,24,16
98,85,31
98,12,6
1,48,84
64,30,7
48,50,66
62,59,51
87,23,86
0,43,13
97,73,27
78,39,5
10,94,73
70,33,72
86,0,99
41,10,34
65,18,89
76,19,63
76,10,66
91,53,31
6,8,32
28,23,99
35,52,52
99,81,52
71,74,63
87,21,90
68,15,13
99,47,59
75,58,24
68,91,48
10,48,12
18,18,57
9,43,77
98,91,22
8,7,41
17,17,81
51,5,77
36,38,4
92,79,19
49,57,59
70,17,1
62,66,69
53,72,19
2,48,39
83,24,39
19,70,37
79,95,98
13,81,70
19,93,47
47,16,7
82,57,19
51,32,45
79,85,55
84,99,27
6,71,31
23,68,73
97,9,65
57,47,65
61,51,5
88,54,46
77,14,79
66,65,19
15,9,34
12,97,73
24,91,73
51,24,31
41,71,55
61,66,54
13,20,1
35,52,2
87,63,76
45,29,92
90,63,82
28,13,52
76,3,25
85,98,10
28,10,64
93,65,23
20,43,9
4,66,49
59,29,19
30,47,79
5,13,8
58,42,56
99,51,80
21,55,25
65,23,83
36,9,83
69,89,28
97,86,91
12,22,10
6,26,1
32,85,89
33,93,65
42,57,36
69,57,23
37,0,4
75,90,26
93,75,51
53,72,8
62,6,16
80,3,70
61,37,11
55,19,71
75,53,22
89,54,72
41,27,95
4,91,76
31,91,33
58,40,87
23,53,51
66,17,47
73,99,0
18,20,26
42,13,27
40,23,41
42,18,6
84,10,13
43,53,9
24,83,76
62,46,39
74,88,6
71,74,46
85,96,23
21,51,81
81,79,45
14,11,30
10,72,98
90,55,91
36,32,73
16,6,77
1,43,96
51,61,87
51,35,43
97,54,91
22,83,45
52,26,31
91,3,65
48,38,17
40,49,30
66,76,45
52,57,20
91,97,36
33,85,91
50,94,60
9,28,98
51,36,31
16,33,20
69,53,7
68,37,78
65,45,74
55,28,59
73,17,77
79,38,88
9,45,79
32,86,23
77,89,58
5,60,15
56,93,34
48,5,4
25,46,74
2,51,55
94,65,14
21,41,5
74,41,33
11,46,92
98,12,14
10,75,83
43,33,35
78,65,75
9,28,27
17,88,1
16,27,92
85,97,36
79,63,71
77,7,45
29,28,88
41,5,10
72,73,58
52,48,0
60,96,91
82,49,12
85,96,44
74,71,51
21,61,75
53,24,17
37,15,83
83,72,11
58,9,73
11,10,33
60,30,92
6,54,12
19,60,30
3,47,61
79,47,22
6,41,23
5,9,39
46,45,32
48,42,39
61,37,81
93,92,51
9,24,18
51,89,34
11,3,36
25,11,7
23,38,84
46,3,97
58,4,23
63,50,88
38,41,63
70,39,32
33,77,20
53,93,4
53,89,77
98,80,48
15,77,89
84,45,92
43,35,53
47,18,72
62,60,98
96,17,52
40,4,50
89,54,76
33,90,29
37,40,41
93,99,13
75,73,62
35,68,41
51,15,59
37,24,99
15,73,43
28,31,88
37,92,1
66,9,92
44,66,72
53,44,77
62,20,59
27,92,95
26,73,33
75,16,5
85,89,55
61,13,42
76,95,8
89,45,97
33,2,23
78,35,88
12,0,38
77,29,66
11,20,44
96,20,12
20,68,66
39,35,88
36,93,12
80,23,77
44,24,35
23,25,41
22,7,77
0,21,1
41,37,72
15,72,82
96,4,13
79,16,5
28,64,82
69,64,1
95,88,87
70,15,41
67,31,44
8,45,62
70,29,28
57,92,86
10,86,39
21,54,67
30,66,88
0,92,58
6,79,80
68,58,15
7,52,60
48,96,80
51,88,50
57,50,17
49,89,0
83,88,0
37,60,85
1,31,86
25,5,64
30,74,43
2,24,4
3,89,75
9,74,87
15,60,71
24,13,1
65,20,39
40,93,2
33,54,72
24,26,17
86,34,74
91,81,21
66,91,30
40,7,76
97,94,48
10,75,68
3,4,79
9,6,58
33,98,21
92,92,70
37,69,23
27,68,60
24,50,25
68,53,35
39,61,82
91,40,96
79,61,74
44,90,43
85,95,72
51,37,20
54,27,22
92,97,68
37,65,6
81,79,58
2,63,70
74,37,50
85,80,58
74,44,87
36,58,64
17,68,20
62,30,38
32,74,86
37,49,88
53,69,98
37,24,6
37,45,78
93,35,47
29,68,88
88,11,16
51,44,68
54,15,97
42,2,13
29,73,65
9,75,35
67,12,83
78,38,50
8,0,64
87,49,23
92,13,1
49,23,98
14,17,32
12,52,38
50,50,79
84,92,53
15,67,36
82,37,76
81,91,98
27,37,78
17,61,42
34,93,94
57,15,26
15,83,38
5,21,71
98,37,85
18,58,18
39,32,2
70,45,0
10,13,54
57,19,34
50,63,57
28,7,6
97,94,94
16,31,88
19,71,15
7,81,48
57,50,16
96,91,51
45,45,87
31,17,79
60,99,71
86,67,15
72,22,1
5,19,28
98,43,41
13,63,51
53,21,79
69,25,79
55,72,88
34,2,24
14,79,85
36,7,99
95,60,27
68,80,29
20,5,49
4,36,13
1,93,9
13,55,82
93,92,90
70,86,31
1,61,40
5,82,98
37,12,73
34,11,17
32,42,16
99,27,3
89,76,16
75,77,57
59,86,75
73,65,76
82,3,17
47,91,4
82,14,60
70,61,4
37,30,21
90,80,50
35,35,81
94,32,6
25,38,8
40,74,20
53,73,82
94,88,56
90,58,4
0,93,79
23,7,74
96,64,33
58,77,16
1,55,43
16,92,13
7,77,61
11,79,62
27,84,54
26,90,15
40,37,79
35,77,27
61,93,16
9,71,99
3,64,87
77,13,11
96,35,99
91,52,91
85,94,91
52,22,69
53,87,97
83,48,6
6,89,7
20,11,4
87,53,49
27,18,13
70,43,37
55,73,73
37,68,98
27,23,6
68,83,93
59,99,63
13,33,65
36,94,62
82,4,1
30,27,63
98,15,2
82,34,2
10,95,90
61,44,63
35,4,80
52,75,91
47,63,24
59,68,68
28,16,28
34,61,48
63,81,51
27,35,17
80,61,91
97,1,81
72,8,76
50,15,84
3,85,61
68,28,7
11,98,48
3,57,83
82,66,55
24,29,44
35,9,87
64,18,33
13,27,22
55,14,1
57,59,52
94,80,32
6,15,74
4,75,98
77,98,79
64,15,33
13,94,38
65,40,1
93,15,28
54,11,79
56,51,33
10,34,89
36,86,61
90,45,36
69,30,37
24,56,11
70,78,78
22,50,36
82,73,73
2,2,76
32,84,85
65,38,96
35,56,50
32,25,88
43,48,97
2,52,15
16,76,42
20,72,19
48,29,16
33,53,84
21,34,84
40,46,42
60,61,92
37,9,38
68,18,76
64,51,2
55,77,98
25,29,19
98,13,74
33,10,15
17,1,71
68,78,27
49,63,69
71,1,5
16,52,1
61,39,73
29,95,55
17,46,16
68,64,51
34,73,76
81,60,99
96,49,53
6,72,59
43,28,44
50,80,47
7,77,93
35,58,79
24,71,2
60,22,65
82,74,58
18,23,79
7,33,14
12,36,43
56,2,50
54,93,26
36,9,33
15,96,0
51,16,65
42,22,28
53,11,6
24,47,50
88,12,54
18,48,96
23,70,21
74,4,31
83,29,33
49,4,46
74,21,74
48,49,72
43,47,62
87,16,17
21,26,61
19,33,40
43,46,99
72,99,21
2,13,52
39,49,30
59,25,16
83,55,49
10,7,4
40,24,37
92,39,92
56,37,75
76,42,32
1,46,98
82,60,79
21,33,65
71,32,64
82,58,19
96,17,6
52,62,94
81,33,94
37,48,71
40,15,90
20,15,28
66,17,84
38,96,5
24,32,3
51,10,57
47,27,84
85,2,34
56,37,12
49,48,89
11,8,56
62,50,67
45,32,34
14,94,41
98,77,80
67,88,40
40,77,79
28,84,9
35,41,62
38,96,59
20,7,84
2,67,89
70,22,91
61,99,17
81,35,30
67,61,69
93,2,68
52,89,81
95,7,96
32,56,96
41,7,0
40,72,5
86,65,60
2,44,73
62,6,28
25,45,4
89,15,48
7,54,72
41,72,71
47,48,97
14,17,26
54,76,67
10,9,54
84,6,28
7,59,10
86,1,53
33,64,19
23,68,11
77,53,21
58,90,75
86,14,47
77,53,5
61,8,11
96,62,36
6,33,81
4,11,79
39,94,13
7,34,11
10,48,73
23,95,75
67,62,7
30,17,53
75,49,68
47,74,46
73,50,59
95,26,92
18,10,24
12,42,56
44,74,65
54,94,37
89,80,52
78,69,79
84,40,28
50,27,20
14,64,79
64,20,69
36,86,92
47,76,80
66,5,19
89,51,72
92,72,47
58,85,88
79,70,28
46,57,55
19,19,53
69,67,78
79,37,89
4,40,8
43,59,59
2,36,55
53,13,24
97,89,47
46,2,25
38,76,90
82,44,1
15,37,91
61,45,73
64,68,42
92,72,57
84,87,77
30,60,23
47,96,30
21,29,23
8,63,96
60,52,17
45,79,45
97,99,82
9,79,21
83,8,68
65,0,93
90,76,58
66,24,23
32,82,77
12,65,73
30,46,32
37,71,77
51,26,47
61,84,81
25,20,40
9,47,44
56,75,57
40,30,44
85,99,53
24,32,76
66,75,40
65,87,22
16,64,80
55,35,56
7,77,45
48,79,78
57,1,32
31,76,10
53,55,14
37,59,68
9,12,2
45,29,28
96,47,34
37,72,12
23,3,97
70,86,51
64,25,0
62,80,88
87,15,79
19,68,61
13,26,13
63,81,2
79,7,70
6,21,72
29,61,72
64,93,14
39,84,38
23,51,56
15,82,17
81,3,48
89,53,7
38,38,10
0,88,48
10,53,90
56,82,6
12,3,8
89,45,17
59,62,71
96,14,31
61,55,14
66,53,49
89,70,90
83,61,50
14,26,78
53,12,77
92,15,46
56,91,39
13,64,63
96,63,55
15,68,10
13,53,69
52,49,61
39,94,11
68,2,38
12,98,4
25,25,83
15,8,90
31,78,88
19,7,21
63,93,85
54,17,11
97,49,2
0,2,96
51,99,26
7,64,48
87,49,24
53,79,72
58,18,25
24,94,40
9,42,74
64,58,39
91,7,61
23,82,58
47,93,60
17,1,0
85,92,13
92,66,28
6,94,46
51,85,52
72,44,36
5,94,10
91,59,62
35,54,13
30,93,35
73,34,41
3,7,63
27,62,5
20,13,60
45,6,6
8,47,42
69,14,64
26,5,24
31,90,72
88,81,54
84,38,97
23,84,74
32,76,96
83,10,3
94,31,37
61,26,37
16,28,17
57,36,86
12,41,19
16,40,63
75,4,76
78,72,66
80,5,67
30,71,14
25,56,72
68,75,63
50,17,96
66,90,73
35,14,16
52,4,40
97,25,10
22,89,58
56,21,14
0,95,17
51,10,75
21,71,41
28,75,66
63,42,57
27,4,83
94,77,71
39,98,35
88,23,51
28,33,86
33,81,80
37,16,47
67,30,47
59,62,28
80,15,47
29,56,35
17,47,28
52,40,69
8,69,9
31,70,68
16,15,44
8,81,24
33,19,29
1,14,51
42,78,90
33,62,3
71,63,37
70,29,99
20,0,82
3,39,78
29,98,62
7,81,5
74,61,5
83,85,76
11,18,73
93,69,69
64,59,34
45,91,41
83,0,45
16,66,76
10,65,77
44,10,99
65,9,72
46,43,31
92,5,67
49,2,69
87,55,34
39,33,0
86,76,52
63,13,67
89,49,74
76,65,70
0,51,48
2,25,79
83,61,80
89,40,67
7,32,72
90,19,48
2,54,81
12,99,63
3,10,62
7,85,59
29,43,29
45,81,32
70,77,85
25,15,33
65,62,95
1,55,65
84,48,93
18,63,27
5,95,35
96,81,18
88,51,70
38,77,4
31,4,20
64,35,74
41,74,53
44,96,11
94,94,90
72,18,8
11,78,33
11,49,54
74,59,61
56,95,65
37,43,64
84,51,7
18,73,47
60,14,51
93,56,22
43,10,2
97,50,78
90,5,13
24,30,79
85,67,13
7,63,14
60,29,64
37,30,50
63,48,59
95,33,86
9,25,3
68,73,15
16,61,82
20,88,51
81,38,74
43,73,60
53,74,50
43,93,66
49,84,47
80,25,60
85,65,58
50,25,61
12,12,36
95,58,96
39,15,12
13,41,77
37,24,78
46,49,60
41,82,65
45,3,50
51,40,46
19,31,94
83,35,48
84,50,27
37,62,36
43,23,74
86,88,98
84,91,2
23,75,61
48,33,71
60,60,20
8,57,17
54,61,25
69,2,88
47,9,6
5,26,1
65,8,94
83,15,18
7,75,89
44,48,11
79,9,61
19,86,62
84,61,77
25,25,22
99,63,86
46,29,26
90,76,81
94,30,51
85,88,69
58,34,39
74,43,88
75,22,17
70,83,82
72,57,77
5,57,44
99,30,13
6,89,46
29,17,78
37,64,68
42,4,16
8,94,33
55,59,88
13,76,84
86,41,14
73,43,82
5,77,47
47,85,33
85,64,77
63,6,3
41,28,63
84,43,91
96,78,86
66,69,81
30,12,7
55,7,91
89,66,80
21,44,11
90,69,76
2,91,71
44,22,15
66,53,48
39,72,18
55,26,25
23,79,58
54,79,5
98,5,47
16,39,60
8,69,98
94,90,62
46,67,30
11,91,11
76,92,35
82,0,68
17,18,29
51,33,68
99,15,64
28,73,57
73,74,42
23,1,54
62,71,5
56,78,9
92,52,84
92,7,34
25,33,59
95,80,74
89,20,53
17,7,16
5,15,24
78,54,56
16,7,30
94,39,24
47,53,73
91,86,75
42,9,64
65,21,47
83,61,35
81,9,73
57,15,16
61,61,24
82,46,95
97,37,46
89,5,17
36,67,9
29,30,82
62,24,80
14,91,14
38,36,25
15,70,22
36,33,51
16,33,80
58,89,52
43,9,94
47,11,67
52,61,51
0,66,57
88,55,7
36,54,16
75,44,92
43,54,62
45,60,76
89,54,88
88,68,20
0,28,61
74,40,12
16,62,97
45,3,2
51,93,2
78,72,44
67,48,94
64,37,9
4,30,94
81,96,96
77,88,37
83,69,26
85,75,61
11,61,87
85,68,33
38,7,87
24,75,39
80,92,2
5,54,45
27,42,30
10,58,77
77,26,31
64,71,73
93,8,74
87,47,81
20,82,69
41,83,90
25,67,14
54,68,47
95,3,58
53,59,49
15,62,11
35,88,70
45,39,26
99,18,33
45,12,21
54,87,75
35,19,84
68,83,3
71,60,97
18,20,17
90,82,48
17,41,56
14,76,5
21,0,30
5,23,82
57,53,17
3,50,36
13,98,1
40,98,11
55,52,94
2,55,91
20,59,17
49,30,54
88,47,21
35,81,11
79,29,22
21,39,51
42,62,36
85,35,39
29,1,7
17,38,41
37,45,36
5,28,15
48,61,31
40,77,86
18,27,15
53,96,77
92,75,10
75,76,56
99,93,54
32,37,44
87,27,59
52,55,73
95,26,7
25,83,81
38,68,39
26,39,17
83,89,27
62,51,68
12,73,0
83,71,54
55,54,57
15,40,30
52,4,79
74,51,16
85,37,42
88,31,32
64,21,68
75,20,51
4,21,83
70,59,70
70,13,33
53,71,81
76,3,23
50,0,9
24,28,36
16,17,60
11,80,24
49,95,76
50,53,91
56,50,3
89,32,46
60,48,11
78,46,26
84,87,19
61,2,13
68,63,51
89,18,66
17,35,6
31,39,69
44,19,25
74,80,14
83,55,83
39,47,33
19,53,40
35,85,32
21,39,39
43,48,79
57,85,14
0,22,37
59,92,28
64,88,37
8,14,47
96,71,21
37,62,22
43,45,86
20,48,6
61,68,30
72,32,20
17,27,50
96,97,86
52,3,90
70,50,9
97,79,20
21,81,56
39,34,43
95,41,11
62,94,68
74,86,29
15,69,57
6,45,86
39,94,41
48,41,65
72,64,72
34,89,17
20,84,67
71,89,69
40,12,95
6,17,80
52,2,18
97,73,42
93,18,92
94,72,85
25,37,52
6,8,15
61,92,66
22,4,96
32,1,82
41,53,17
25,83,96
82,61,46
48,78,48
24,3,90
41,22,99
35,20,48
63,62,6
2,5,36
18,84,62
54,12,48
4,25,40
63,23,48
83,27,70
72,59,44
85,82,45
41,65,67
32,33,5
64,38,95
25,62,90
46,67,91
84,60,46
0,45,9
67,66,3
98,42,54
16,21,78
22,4,15
76,96,77
21,99,43
93,98,17
4,58,21
17,75,99
40,37,56
67,52,4
9,79,2
1,98,5
66,54,73
19,13,7
39,83,48
81,99,79
42,24,21
87,83,65
11,98,94
83,8,16
16,80,51
60,99,13
27,55,95
58,0,88
83,30,15
10,8,23
79,80,43
87,88,25
16,59,27
58,57,28
96,96,86
91,61,47
94,34,36
25,92,48
18,68,71
10,74,11
89,48,25
9,52,77
11,33,82
47,45,94
33,55,41
7,67,88
4,60,70
54,30,93
35,94,40
84,79,23
65,0,16
47,81,22
77,50,57
18,92,74
37,16,0
3,35,68
69,45,55
4,68,72
97,67,40
51,3,4
78,52,61
79,2,67
98,30,81
69,40,95
70,81,65
87,99,87
72,0,65
96,65,29
87,39,41
31,44,62
12,19,32
32,87,45
16,95,73
42,59,0
63,11,55
83,86,44
86,47,41
90,58,24
52,95,44
28,36,72
16,76,50
43,82,2
65,82,34
94,98,49
99,9,2
26,13,85
50,64,15
44,73,22
93,45,75
63,22,2
88,93,23
52,14,86
14,89,7
81,69,7
98,18,96
66,37,11
36,39,63
69,8,98
74,1,74
62,86,12
2,25,85
10,34,80
87,20,44
79,69,14
58,23,66
54,77,28
78,41,20
55,74,55
49,25,26
67,99,48
19,74,91
56,41,6
90,74,34
27,85,74
37,3,98
0,75,81
82,24,97
7,21,22
87,58,4
53,7,77
78,32,49
41,49,92
80,48,8
8,61,24
46,28,57
73,6,34
48,83,56
82,27,44
20,7,84
52,71,83
36,55,28
46,43,66
34,76,45
92,84,54
89,19,28
69,31,28
81,41,40
68,33,73
72,3,2
42,46,19
67,12,68
2,61,11
1,27,67
54,45,19
56,59,57
35,83,85
32,1,97
43,70,53
91,69,93
7,17,29
33,9,38
83,91,29
27,84,2
73,54,95
60,26,2
77,4,92
29,5,91
26,26,1
98,61,99
86,69,9
69,12,86
55,81,33
86,34,3
35,1,81
76,71,48
74,1,0
30,42,37
35,78,44
31,50,37
4,29,9
16,84,63
28,62,49
20,84,14
34,20,62
79,64,24
11,75,54
61,70,9
92,20,86
43,51,29
73,25,53
38,76,5
84,25,56
67,96,60
80,65,43
85,85,56
93,71,47
24,58,50
45,43,5
29,86,78
51,5,66
76,30,37
41,77,96
28,17,18
96,72,39
75,43,67
3,0,65
29,58,25
65,93,35
39,39,2
34,6,54
84,50,42
89,44,78
77,6,99
62,40,22
28,63,73
61,81,49
76,37,12
49,40,39
61,33,56
13,3,89
94,91,18
78,26,38
58,38,31
52,81,87
86,94,83
7,8,26
87,19,54
13,14,30
31,90,81
76,96,82
18,51,36
10,84,16
18,68,62
35,55,25
58,41,75
19,86,29
99,10,97
16,78,77
44,74,81
19,89,88
33,81,76
96,10,88
33,14,90
32,71,93
75,61,45
49,12,1
25,53,83
56,34,54
53,94,68
50,94,88
45,94,69
94,47,77
1,51,56
27,29,94
79,84,82
44,75,35
48,16,1
84,54,16
22,19,60
48,85,36
98,66,70
95,57,74
94,18,0
58,35,13
4,24,25
68,80,52
5,52,42
56,92,54
3,24,48
21,11,89
96,36,17
0,57,43
99,77,41
98,47,37
30,18,54
17,58,13
95,18,63
53,43,59
15,20,16
83,24,46
59,98,10
40,39,25
81,13,53
11,85,51
86,90,75
28,94,76
70,4,43
37,29,57
71,92,20
23,87,2
94,92,24
71,42,22
97,69,95
28,88,62
79,85,65
1,83,63
11,50,35
51,80,87
84,81,51
7,20,96
37,36,21
71,75,2
59,97,70
10,72,57
47,92,80
89,61,80
60,56,57
13,44,1
3,96,87
41,62,9
89,57,8
62,5,53
2,92,58
13,10,41
7,3,4
26,79,29
18,83,28
35,33,1
42,39,3
50,75,76
0,52,34
82,84,6
72,9,53
74,12,70
86,1,89
74,55,57
81,14,34
11,53,61
99,49,52
26,94,54
74,36,81
61,87,43
55,50,32
15,86,96
83,55,2
85,92,43
42,30,18
20,61,80
73,79,67
86,93,48
19,80,78
40,19,55
27,49,57
86,46,98
17,60,97
68,78,22
25,46,40
24,75,11
64,44,9
73,76,38
89,70,21
35,58,53
36,92,74
63,35,92
59,42,31
94,56,66
82,60,26
2,62,95
4,89,81
57,2,33
74,19,89
24,1,65
71,2,63
30,67,73
19,18,20
4,93,90
60,21,57
20,30,1
81,16,46
44,13,42
34,30,49
0,85,69
94,61,72
12,16,98
17,1,1
69,88,73
56,91,98
97,16,66
67,81,97
25,93,59
98,59,34
7,49,83
48,35,65
53,12,94
9,9,31
83,37,38
85,46,70
3,26,15
94,71,53
20,54,39
73,66,82
77,8,55
9,46,41
58,18,54
41,47,75
94,42,4
65,2,17
85,1,84
28,79,64
61,74,4
37,84,93
85,30,74
33,91,84
76,54,31
82,75,28
36,41,88
10,20,21
68,13,64
34,51,49
44,48,11
42,98,53
82,3,85
58,55,47
86,79,77
26,91,98
55,89,86
89,91,73
48,86,97
27,93,40
36,42,22
63,0,99
45,68,47
45,25,76
23,9,22
88,38,24
12,47,70
66,96,41
8,76,79
51,97,78
88,92,1
30,85,2
98,5,92
71,0,13
82,30,73
13,80,42
76,73,25
56,21,85
24,79,6
18,80,14
60,5,91
39,66,81
98,22,51
32,2,0
69,58,78
52,64,22
29,40,56
49,26,24
21,84,55
23,69,74
83,94,36
14,89,52
19,81,82
73,11,36
7,21,55
39,47,5
22,26,73
17,61,22
37,55,9
51,68,57
34,64,13
76,99,40
23,33,50
83,30,54
69,28,75
30,89,64
20,81,82
6,63,42
85,87,48
60,34,55
34,71,27
86,15,69
43,67,11
41,52,8
32,60,93
77,21,21
65,37,54
54,10,67
28,24,57
97,95,41
91,34,80
99,74,93
7,99,33
29,24,47
91,61,78
44,26,13
97,35,71
60,13,62
60,39,39
4,12,15
42,93,34
67,33,30
81,17,3
87,28,76
80,95,77
74,70,55
67,65,70
1,11,3
67,8,68
9,57,69
34,30,13
35,60,36
56,68,54
0,26,8
4,32,57
5,8,10
49,76,37
2,85,16
20,72,6
24,21,39
66,47,42
10,97,71
52,1,93
18,54,64
55,26,83
15,83,78
4,65,29
37,60,40
82,55,72
0,69,14
98,48,36
30,36,98
32,35,28
77,20,71
32,61,35
32,78,94
87,45,6
30,60,70
33,69,23
23,36,65
78,4,19
76,93,7
48,95,44
54,59,37
18,57,66
41,51,52
43,50,27
70,22,93
20,83,45
55,9,69
16,59,7
4,80,38
78,88,35
41,51,88
83,91,65
61,84,82
66,46,86
64,76,53
75,9,30
89,61,75
37,45,92
47,54,56
84,80,52
39,31,24
44,91,63
24,40,75
61,67,79
92,7,94
39,88,27
70,36,53
64,88,27
34,82,96
35,77,9
95,55,75
56,88,49
99,81,26
54,14,64
3,25,54
47,14,55
77,59,46
74,25,4
9,72,29
75,76,46
19,14,75
60,54,25
69,1,60
2,66,93
81,6,43
80,80,25
46,4,8
39,55,94
38,49,61
68,61,90
64,68,85
69,62,28
0,74,92
91,26,59
45,20,42
89,34,78
20,84,55
88,94,28
86,81,19
94,91,32
24,41,26
4,80,32
39,26,97
46,75,53
79,38,54
68,55,19
25,18,4
6,37,94
18,78,34
45,63,0
18,27,10
35,99,43
92,25,86
73,66,85
90,79,82
16,56,79
31,20,30
61,14,84
91,34,44
17,33,52
76,68,95
16,44,20
83,89,27
4,16,89
73,39,6
85,33,3
46,71,40
45,91,53
41,71,86
72,84,65
98,26,44
23,16,52
87,91,94
45,45,18
63,47,7
74,27,15
3,67,23
17,39,70
29,60,29
1,67,80
13,35,22
20,71,68
27,83,40
19,79,6
20,93,44
11,70,47
83,46,45
87,52,53
82,34,35
44,79,49
95,51,13
10,29,42
48,96,37
53,90,48
9,83,70
71,17,61
0,19,67
50,27,45
40,59,54
47,46,9
78,51,84
44,15,16
4,51,36
48,32,62
37,52,74
5,50,24
73,68,11
12,71,24
22,14,36
89,36,94
64,50,91
31,8,84
71,39,88
26,71,71
77,21,35
66,64,39
80,82,44
58,47,30
76,10,33
95,44,19
48,6,3
11,99,62
46,16,42
57,60,58
86,88,34
13,82,26
5,70,28
76,37,27
95,71,34
4,41,38
32,27,16
23,99,9
20,30,27
1,14,36
2,79,41
30,16,90
71,82,15
47,44,30
26,10,45
39,29,80
81,42,36
23,53,28
46,43,73
48,87,73
34,48,75
5,57,67
30,92,3
41,98,71
67,54,24
40,71,83
17,87,68
46,90,86
22,38,9
33,10,70
89,11,50
56,6,53
7,48,92
13,19,10
76,72,20
0,38,59
82,38,37
58,93,44
24,13,55
87,49,83
61,58,48
51,10,23
31,50,8
62,1,38
64,0,34
2,98,85
53,84,78
82,87,82
16,23,18
79,30,79
2,24,2
35,5,80
98,66,88
7,54,86
67,97,69
44,3,39
74,83,71
95,34,55
26,43,54
35,46,79
81,65,52
23,26,37
27,76,21
61,29,35
94,31,26
71,36,85
72,95,34
68,27,54
26,31,43
0,68,22
99,89,71
28,49,29
90,45,82
90,83,89
23,79,56
77,93,85
39,80,75
9,88,21
79,81,23
25,78,81
75,16,90
92,51,65
72,63,65
43,63,59
88,6,37
11,84,91
37,97,33
44,23,77
65,12,81
83,66,30
13,84,28
55,42,41
86,51,70
12,14,16
10,61,55
78,96,47
86,39,12
62,8,97
99,9,80
81,34,3
57,83,24
7,83,83
28,77,51
90,39,11
45,11,77
51,69,22
33,55,77
28,28,58
50,16,68
10,76,80
63,63,61
21,19,72
14,69,17
66,10,24
35,47,52
73,37,61
54,62,38
5,89,73
12,13,23
7,16,86
80,63,42
79,1,21
88,84,75
42,10,6
81,31,11
89,36,60
9,11,97
38,44,1
53,80,90
79,91,61
72,24,71
88,58,42
1,29,17
86,18,23
5,46,16
16,99,73
17,44,11
50,29,48
87,87,33
52,32,42
47,30,0
27,47,80
46,13,84
87,15,18
69,30,39
90,65,2
69,94,93
3,44,33
91,45,61
40,19,8
29,35,36
20,79,9
14,92,9
34,33,16
47,9,76
61,26,70
43,89,75
35,57,42
86,9,43
15,73,84
90,29,30
97,41,8
67,88,15
41,83,47
60,57,35
1,61,74
77,72,63
6,49,75
19,44,0
38,30,44
52,96,31
67,95,73
36,77,68
63,80,40
45,17,83
30,88,54
20,76,43
32,40,28
74,16,9
75,82,95
21,90,77
98,52,85
23,37,55
3,73,57
3,17,37
46,13,9
15,25,66
83,78,5
17,22,14
6,53,92
93,24,3
38,60,74
20,72,48
69,72,96
15,93,50
82,26,65
15,29,67
45,12,92
85,38,57
30,23,62
28,25,60
64,3,40
29,57,46
9,15,68
55,90,71
96,20,73
5,70,21
7,85,63
78,66,47
7,46,0
79,74,17
34,25,1
14,91,83
78,23,37
64,75,40
77,18,10
17,65,18
35,14,49
78,25,40
63,75,71
28,85,61
16,8,59
98,41,30
17,60,2
11,20,8
93,99,7
39,81,64
4,4,16
86,53,56
99,85,21
71,47,4
34,53,37
32,47,59
7,73,75
61,72,57
36,51,66
93,69,38
81,42,72
13,88,66
58,64,37
74,8,50
36,14,61
67,75,0
13,44,66
8,95,36
41,0,86
77,1,18
57,2,81
23,97,23
7,73,45
70,70,54
92,12,29
38,72,14
3,6,67
45,22,63
72,70,60
96,61,34
38,41,28
46,45,72
47,95,4
37,67,98
39,41,53
87,78,74
95,52,62
2,35,15
9,51,78
67,53,35
13,93,89
7,13,97
97,20,23
99,71,9
26,57,86
80,72,32
74,99,36
62,0,69
63,54,52
72,50,80
36,40,42
30,79,79
55,15,54
12,85,87
50,74,43
55,74,80
78,34,39
11,71,75
65,16,89
61,23,10
79,21,63
39,39,93
9,85,43
92,2,27
46,79,21
90,74,25
31,92,29
30,20,58
95,1,24
45,92,79
40,11,19
20,58,66
7,70,6
12,50,14
57,71,74
78,28,66
70,82,93
17,74,45
85,62,31
59,7,99
34,87,80
73,25,0
82,25,69
82,81,82
87,85,11
94,69,12
70,96,98
2,25,76
14,0,97
63,99,91
78,6,60
20,94,51
6,91,88
0,99,0
11,15,36
21,80,86
24,40,11
78,33,69
88,42,47
48,63,52
41,94,31
32,78,24
75,11,56
64,45,33
42,25,56
51,53,10
5,33,34
23,97,27
47,27,47
65,69,56
32,55,49
85,7,52
18,61,41
30,0,59
90,49,2
35,66,98
46,15,46
97,5,45
89,57,52
90,94,52
11,67,19
70,5,78
42,53,62
55,50,36
18,16,83
98,69,41
13,77,67
4,4,37
20,95,52
19,28,91
95,13,54
70,54,40
39,93,94
75,86,2
47,42,34
33,35,31
93,9,46
33,42,22
93,92,78
21,15,9
59,51,38
36,0,86
23,97,87
57,98,43
58,65,58
41,29,50
7,48,61
20,1,60
91,75,98
3,61,55
28,66,97
66,87,61
18,83,77
73,62,9
30,37,8
16,29,99
16,42,58
36,31,4
47,6,21
4,44,30
31,93,29
9,93,98
26,80,67
11,50,29
50,6,26
32,31,61
77,73,57
89,10,61
34,20,45
19,31,17
82,85,21
39,92,12
38,16,24
16,87,56
17,78,31
91,71,47
5,62,7
53,93,28
9,37,35
49,40,6
80,30,84
24,84,23
60,29,97
64,16,78
82,86,5
43,36,50
6,93,67
34,76,12
14,56,58
23,64,88
21,22,34
25,31,70
56,47,94
45,86,70
46,81,56
63,82,85
15,48,57
91,69,1
34,19,7
42,68,89
11,12,34
20,39,47
42,50,32
48,37,4
16,43,28
59,1,55
75,77,21
70,38,37
95,75,82
36,53,25
6,89,26
52,65,79
56,14,28
26,30,14
29,39,83
49,76,72
18,13,80
24,72,60
12,76,0
25,4,21
25,13,32
21,20,22
71,92,52
79,87,88
90,91,7
0,4,58
82,46,53
92,35,2
51,39,16
88,47,56
72,94,83
30,78,28
40,58,0
60,12,63
61,49,59
45,87,81
5,31,99
5,11,16
26,50,78
48,55,39
13,79,23
58,73,2
93,67,51
47,82,15
98,17,51
21,91,95
15,10,3
76,13,69
21,22,22
31,80,13
8,36,81
96,21,61
60,92,87
29,9,45
53,85,21
42,95,79
12,58,47
12,62,67
56,46,17
92,45,47
61,92,59
99,48,83
90,48,27
86,69,56
45,87,23
33,43,63
29,56,82
78,32,46
52,99,39
13,64,96
91,31,50
64,16,91
1,36,53
11,51,90
35,91,84
15,81,98
63,53,98
54,31,44
89,8,94
91,71,73
4,69,43
80,49,57
9,8,50
83,53,59
57,14,93
78,16,15
3,29,60
42,20,30
43,43,29
99,52,20
36,53,82
20,39,24
83,26,47
90,60,85
95,54,64
62,13,51
82,79,44
76,33,95
24,20,59
92,35,64
34,99,92
48,3,17
30,20,21
68,34,61
1,29,58
24,90,4
0,72,10
79,73,17
90,63,40
52,55,44
99,78,27
1,34,74
80,78,94
84,28,74
59,50,25
57,21,87
85,25,38
86,5,56
95,28,31
34,83,98
68,87,20
75,31,87
79,58,87
81,8,69
51,5,79
16,92,41
67,56,1
54,86,66
34,73,94
98,75,4
78,73,3
73,66,40
80,47,10
55,36,73
41,98,19
50,26,50
73,95,4
42,58,72
39,71,50
43,81,95
78,96,75
65,96,55
21,6,39
57,87,60
97,90,17
85,63,98
26,83,86
71,85,2
67,30,82
4,65,68
66,8,9
84,3,45
16,80,12
88,27,95
81,58,69
3,76,60
50,63,14
42,92,87
60,60,94
87,27,62
13,91,65
94,40,91
26,50,28
74,97,55
83,97,72
3,32,15
28,45,64
78,95,52
9,24,62
15,67,73
36,91,87
0,8,2
12,78,4
54,50,30
26,61,91
43,34,55
79,96,60
17,62,62
78,79,98
78,58,52
70,48,59
6,4,26
13,13,60
94,95,42
18,99,81
62,92,69
68,99,39
55,34,8
49,83,26
49,97,99
63,92,75
70,10,70
32,49,16
19,92,73
29,61,21
96,13,50
50,37,95
76,63,45
82,16,78
37,46,25
32,82,61
41,77,46
85,14,48
60,67,66
92,25,0
54,73,93
76,40,57
15,71,10
80,29,35
62,64,69
71,34,17
24,52,44
48,27,85
26,61,28
52,59,7
17,73,17
94,68,42
22,55,78
18,57,53
14,85,96
32,62,74
14,68,0
16,65,32
15,93,22
8,23,85
95,25,25
96,23,9
66,97,83
18,70,54
21,44,3
66,3,92
76,62,33
25,61,90
26,16,86
21,58,99
79,21,42
59,92,39
75,19,55
38,31,88
73,92,81
19,30,11
27,57,6
3,55,88
43,15,59
59,7,22
31,34,76
9,46,70
84,97,13
36,27,36
79,7,80
57,86,97
74,44,70
32,81,55
15,18,35
52,77,2
30,11,26
92,78,53
22,74,63
77,35,63
97,70,27
97,87,84
4,32,51
74,98,85
44,67,52
18,50,39
99,11,31
76,29,91
74,26,90
33,76,35
50,88,39
86,69,80
39,43,49
89,39,7
97,89,87
89,6,80
33,14,10
74,57,89
8,59,18
35,80,65
98,79,54
41,1,21
73,39,91
53,89,75
31,48,17
16,15,55
0,2,3
80,43,16
45,98,39
55,2,38
14,21,17
37,84,9
50,39,94
36,95,80
16,86,52
66,22,27
95,21,46
56,82,37
95,39,16
62,52,38
99,20,56
43,43,90
54,36,56
96,96,37
66,30,42
22,56,96
48,35,85
82,71,57
66,93,10
53,30,98
66,72,59
10,65,24
50,6,97
81,61,98
60,72,15
57,1,41
96,94,59
89,90,37
11,93,47
36,20,19
60,76,74
17,19,9
67,1,14
40,96,55
41,8,51
43,70,6
11,23,95
65,26,79
63,14,91
44,16,75
40,45,51
1,69,53
47,56,36
29,45,39
98,45,77
21,36,25
66,14,74
93,98,54
83,72,55
9,17,79
64,33,5
4,87,87
64,35,2
7,53,74
85,29,10
32,18,55
34,19,75
25,62,99
12,50,77
17,56,2
11,5,22
81,65,6
16,8,21
99,85,45
0,96,26
73,64,53
36,15,8
17,28,30
70,43,38
5,51,77
90,76,66
89,13,81
80,34,51
23,40,28
6,36,99
82,55,95
69,41,42
48,12,78
24,37,10
59,51,32
88,31,1
51,68,81
14,12,53
6,85,25
46,74,69
30,62,28
81,67,3
96,72,5
72,76,77
32,90,19
20,95,59
31,79,26
76,98,80
10,73,48
90,19,23
28,7,45
51,41,71
74,13,16
27,77,49
86,60,95
72,89,87
99,56,89
53,88,41
53,10,20
9,52,10
29,18,95
9,69,38
67,91,13
32,58,64
14,91,83
40,56,62
0,42,38
16,74,36
22,62,95
74,34,62
72,14,98
72,19,78
53,19,92
62,48,48
75,8,43
44,76,62
70,3,83
51,13,30
48,93,50
52,71,61
21,72,96
38,54,93
14,25,20
54,8,74
99,85,14
86,6,10
89,21,4
61,84,41
43,16,11
60,41,34
31,0,86
83,71,89
44,10,31
45,56,14
49,74,59
33,87,28
92,64,64
52,10,57
22,69,18
84,92,13
68,35,96
4,81,10
67,94,74
84,42,74
78,64,41
88,84,68
14,14,92
61,17,59
85,67,44
54,62,44
67,33,89
77,24,82
33,97,14
92,26,41
12,0,67
31,22,11
80,15,11
52,61,64
86,84,17
13,46,65
22,29,54
86,95,66
38,66,32
44,23,59
77,28,68
39,13,20
47,93,6
87,96,35
14,87,44
14,30,11
74,29,26
54,57,82
28,93,72
90,20,97
25,24,12
90,21,27
15,0,50
70,76,71
7,37,69
67,74,40
52,66,0
0,98,73
84,44,27
78,98,7
19,5,66
78,49,68
43,38,74
83,38,96
57,34,84
50,36,65
68,96,58
87,14,30
76,77,90
4,80,87
81,68,86
78,68,94
25,29,3
33,20,24
28,72,67
7,41,70
74,65,71
18,58,90
83,45,23
20,89,40
89,37,25
87,44,25
52,52,67
81,54,8
80,57,62
57,27,20
11,3,63
10,11,89
37,35,64
65,25,40
92,10,75
36,18,55
45,86,44
89,15,72
11,82,75
66,56,39
13,69,35
36,41,38
81,69,21
13,19,1
92,44,21
98,42,49
26,18,89
5,90,89
27,11,9
49,68,3
1,69,21
47,39,11
2,31,10
69,99,32
21,90,53
33,44,10
95,69,93
51,9,92
67,46,23
18,94,62
91,56,91
63,87,40
24,5,76
19,70,54
83,95,26
60,27,45
44,65,47
38,89,86
39,0,52
98,85,7
79,56,68
53,27,44
18,61,82
38,12,49
33,41,81
15,20,66
72,35,74
66,84,59
31,35,32
12,36,12
50,37,49
37,69,11
90,21,8
83,52,92
43,29,71
46,76,95
18,24,24
70,34,20
46,51,73
38,4,61
61,75,86
9,59,31
17,16,95
80,32,10
33,53,6
21,68,40
79,15,1
14,39,24
94,94,88
2,62,90
33,10,39
32,19,79
61,34,14
6,67,26
75,92,24
9,79,64
45,27,52
61,24,98
64,63,0
53,11,86
39,76,54
32,0,39
76,16,64
99,10,48
63,31,98
20,54,46
25,1,29
11,74,0
44,79,44
87,7,46
35,70,61
25,55,81
54,73,10
10,64,46
46,78,89
51,10,13
99,4,32
95,44,99
34,92,82
29,44,29
51,82,51
70,56,50
49,39,89
94,57,90
66,78,96
52,20,27
13,40,30
89,91,7
43,68,57
95,33,98
47,92,7
30,2,17
61,10,78
89,64,75
60,93,22
25,78,72
79,11,94
25,55,12
88,33,38
70,77,85
47,46,48
18,94,79
76,74,33
56,78,41
2,50,58
53,74,65
23,65,73
53,1,52
55,6,48
93,61,63
74,85,81
58,70,34
7,46,97
22,33,69
84,87,83
30,35,82
35,27,3
74,5,8
42,47,75
40,95,21
41,86,63
49,85,14
75,67,60
96,87,43
94,8,71
21,22,22
26,10,82
31,46,90
62,33,75
0,66,67
47,98,99
87,71,99
92,34,54
82,27,7
2,21,21
27,62,89
22,50,75
71,43,60
9,21,36
70,15,12
39,12,39
12,91,95
36,52,0
31,46,85
43,74,81
96,72,19
70,30,97
22,24,7
35,40,14
49,8,67
18,67,9
8,53,64
52,16,60
67,74,28
5,32,45
31,82,22
98,66,4
16,52,89
31,4,34
75,28,52
69,72,90
39,10,94
62,58,4
61,90,42
65,39,16
8,45,29
81,41,50
12,46,25
86,11,5
34,52,96
12,44,10
56,77,49
27,63,25
83,16,52
99,3,12
57,68,99
39,82,78
2,94,63
50,75,85
25,63,52
48,74,77
72,56,60
24,59,64
22,68,37
91,12,62
15,71,36
6,12,73
34,15,45
18,3,82
8,66,17
45,38,3
65,65,37
0,95,45
57,0,49
66,24,54
26,46,84
74,55,59
75,63,8
43,91,88
80,63,44
58,45,64
64,37,83
32,68,84
7,86,45
73,18,84
38,34,94
83,77,19
34,97,10
33,20,79
48,57,81
60,55,25
99,85,37
87,24,77
88,30,17
51,7,39
41,69,62
95,8,54
3,96,80
74,79,27
2,3,45
16,12,36
16,77,77
64,41,29
27,81,57
90,2,74
56,56,65
63,55,59
79,70,63
94,15,3
24,29,73
56,89,59
48,49,4
65,46,91
5,67,14
41,71,36
55,91,35
86,37,68
32,49,0
75,6,75
73,1,43
46,71,18
6,45,1
65,95,78
42,21,1
21,27,7
10,74,81
98,93,95
97,31,64
83,90,76
15,16,6
39,91,75
69,56,0
24,27,58
3,24,22
41,62,61
77,81,58
66,55,18
48,29,41
52,4,63
99,40,94
46,89,99
57,6,5
97,6,95
14,25,79
14,71,64
14,84,99
1,71,28
15,98,46
15,78,97
74,88,3
40,49,95
82,66,92
59,60,97
81,12,7
18,27,25
77,3,97
40,57,68
41,94,87
50,63,4
16,4,11
22,50,54
37,6,19
82,55,51
95,93,32
8,85,11
51,41,29
9,61,40
28,60,49
55,6,12
20,63,98
74,68,66
37,56,58
69,47,36
38,61,60
75,51,69
87,65,88
66,39,43
54,69,32
7,76,0
67,47,14
86,25,45
89,89,10
65,83,10
45,25,25
96,69,42
32,51,27
71,5,22
56,12,94
22,48,1
60,0,16
46,60,15
21,74,86
30,52,60
86,89,23
9,89,56
29,12,70
54,43,81
90,81,52
61,2,32
87,33,55
4,94,99
46,12,0
90,22,61
77,34,14
40,42,4
68,94,87
36,11,58
13,59,95
91,47,45
33,78,77
49,39,2
72,5,58
41,75,30
62,44,64
32,92,59
39,30,96
59,61,83
7,64,55
76,62,16
64,49,60
82,81,13
41,65,11
99,32,85
43,21,85
11,49,53
37,44,10
66,59,15
86,72,83
20,42,49
48,79,65
5,5,71
86,80,5
85,21,30
94,38,94
66,16,70
0,90,33
99,15,67
30,0,75
78,86,99
57,73,1
96,56,98
67,87,17
47,85,42
9,47,14
24,37,68
22,55,11
76,65,64
22,23,26
84,61,0
1,59,47
66,76,44
13,4,22
66,13,98
76,30,15
44,75,38
28,30,23
56,2,52
10,24,88
61,84,86
89,32,65
91,61,24
46,52,92
80,53,66
33,84,57
10,32,88
71,92,23
22,35,53
49,71,73
86,16,59
43,19,76
42,53,96
79,20,53
84,24,63
7,88,26
18,3,35
37,15,8
77,86,94
54,31,90
63,18,21
7,56,91
75,4,8
42,62,77
91,19,74
1,93,67
30,67,10
92,10,67
60,97,51
73,12,35
72,71,31
46,61,61
67,13,36
47,34,74
11,77,8
86,22,95
44,8,12
20,27,58
11,5,25
60,33,80
10,71,34
94,15,87
27,53,38
61,6,24
71,15,49
83,8,24
2,11,27
0,90,53
14,63,41
46,54,67
66,44,95
25,49,4
35,46,43
76,79,15
12,92,58
67,99,15
33,92,66
18,85,57
41,32,59
4,31,51
0,7,70
3,89,47
34,41,14
81,75,97
15,19,23
63,38,22
63,12,25
4,42,10
78,60,36
46,68,44
28,82,20
23,80,8
54,43,1
17,27,51
46,74,11
69,16,73
14,53,49
66,47,13
44,7,58
54,81,39
33,90,74
32,85,29
51,17,38
71,93,21
42,22,80
90,42,87
75,16,74
39,84,14
72,74,18
98,52,45
44,41,60
34,66,82
77,55,63
17,81,61
90,59,5
85,60,61
0,40,20
81,73,14
23,93,34
85,71,76
67,41,61
29,17,81
94,50,79
35,68,17
75,85,85
13,12,33
67,99,88
79,95,38
33,52,98
84,38,8
15,23,80
99,54,24
11,31,79
97,64,46
13,49,59
80,4,18
9,27,39
28,80,21
64,27,69
43,94,29
62,9,17
91,63,68
80,92,88
10,31,6
54,11,71
22,28,72
3,37,36
48,5,85
88,52,42
59,75,46
21,13,69
89,25,65
34,95,32
78,65,27
22,29,12
64,45,98
78,7,97
78,69,75
12,26,79
98,22,31
91,33,60
12,54,65
65,11,16
76,44,87
48,72,47
30,94,99
82,7,52
59,58,42
19,79,99
13,12,49
67,29,24
3,15,18
63,22,99
95,70,13
43,44,37
99,46,75
13,30,51
48,80,25
8,75,70
58,24,15
62,81,16
72,79,68
58,67,29
29,54,94
17,40,0
32,83,73
43,49,14
36,75,54
96,43,77
15,25,37
76,38,90
89,21,41
58,66,35
36,5,98
16,34,82
27,97,14
48,44,65
72,38,50
64,48,71
6,56,32
0,5,1
54,41,37
57,70,55
94,87,21
97,99,87
82,72,73
90,4,62
31,73,6
30,84,30
56,23,44
9,44,16
47,26,89
9,31,46
50,7,9
71,0,93
14,55,60
22,33,64
1,4,20
92,88,72
22,62,1
92,86,28
27,96,50
42,51,66
32,93,79
41,5,10
74,81,87
83,69,14
12,41,95
16,17,49
45,93,3
96,1,36
23,12,31
69,52,8
84,55,14
51,6,68
68,6,26
79,49,63
5,13,21
11,11,85
12,38,4
66,32,58
88,77,34
16,87,83
52,87,74
25,19,63
91,17,79
66,12,97
4,42,55
40,73,31
59,49,77
91,75,92
78,36,76
61,84,64
97,73,30
22,32,0
34,10,82
93,85,18
48,47,39
41,3,63
76,48,18
88,17,96
25,28,12
87,38,75
26,35,63
19,58,54
38,34,41
77,27,66
37,64,44
94,30,0
12,52,11
63,50,65
43,66,31
89,18,79
94,80,97
7,38,81
85,67,44
6,44,68
51,88,22
93,38,76
12,81,20
33,12,63
77,70,75
53,22,89
51,21,85
68,11,44
54,9,92
4,70,88
7,14,5
39,10,22
7,4,60
46,70,85
63,41,67
10,53,59
62,67,31
65,83,3
37,25,18
43,89,95
85,58,28
20,51,96
61,42,57
39,20,47
51,26,17
16,6,19
5,54,13
85,96,96
19,13,80
81,27,66
85,55,73
18,66,39
5,34,78
54,25,66
94,88,7
21,62,44
49,6,97
79,90,66
18,13,20
16,13,28
3,94,58
5,18,18
53,50,76
85,58,48
49,23,89
64,20,81
25,92,5
62,73,55
75,55,0
18,79,21
65,54,93
25,13,79
78,91,45
90,10,67
53,27,68
98,92,78
18,6,51
65,56,94
19,90,82
41,61,39
21,67,73
40,72,20
20,7,72
13,43,3
45,38,45
21,48,24
56,46,0
32,58,80
27,70,70
5,99,27
88,56,77
60,93,37
35,39,49
52,37,37
97,44,3
54,70,99
62,80,6
90,44,95
0,25,19
15,33,97
25,45,9
13,88,10
